source_uri,target_uri,score,status,distance_km,type_compatible
http://localhost:3030/vietheritage/resource/registry-53caa1c3d5a1,http://dbpedia.org/resource/Hạ_Long_Bay,1.0,verified,,True
http://localhost:3030/vietheritage/resource/registry-50e10d2b672f,http://dbpedia.org/resource/Phong_Nha_–_Kẻ_Bàng_National_Park,1.0,verified,,True
http://localhost:3030/vietheritage/resource/registry-b89b72bd95bd,http://dbpedia.org/resource/Imperial_Citadel_of_Thăng_Long,1.0,verified,,True
http://localhost:3030/vietheritage/resource/registry-9aa10e718d44,http://dbpedia.org/resource/Citadel_of_the_Hồ_Dynasty,1.0,verified,,True
http://localhost:3030/vietheritage/resource/registry-648a56354008,http://dbpedia.org/resource/Tràng_An_Scenic_Landscape_Complex,1.0,verified,,True
http://localhost:3030/vietheritage/resource/registry-07620c963e29,http://dbpedia.org/resource/Mỹ_Sơn,1.0,verified,,True
http://localhost:3030/vietheritage/resource/registry-e633de15bf3a,http://dbpedia.org/resource/Hạ_Long_Bay,1.0,verified,,True
http://localhost:3030/vietheritage/resource/registry-88143959304d,http://dbpedia.org/resource/Phong_Nha_–_Kẻ_Bàng_National_Park,1.0,verified,,True
http://localhost:3030/vietheritage/resource/registry-1a3b5cf1fd3c,http://dbpedia.org/resource/Hùng_Temple,1.0,verified,,True
http://localhost:3030/vietheritage/resource/registry-c93fde3a690b,http://dbpedia.org/resource/Independence_Palace,1.0,verified,,True
http://localhost:3030/vietheritage/resource/registry-7d309bea2919,http://dbpedia.org/resource/Space_of_gong_culture,1.0,verified,,True
http://localhost:3030/vietheritage/resource/registry-119e24d03718,http://dbpedia.org/resource/Quan_họ,1.0,verified,,True
http://localhost:3030/vietheritage/resource/registry-c30f6cea63f9,http://dbpedia.org/resource/Ca_trù,1.0,verified,,True
http://localhost:3030/vietheritage/resource/registry-2dc9c151de83,http://dbpedia.org/resource/Space_of_gong_culture,1.0,verified,,True
http://localhost:3030/vietheritage/resource/registry-c637c6eb34c7,http://dbpedia.org/resource/Võ_thuật_Bình_Định,1.0,verified,,True
http://localhost:3030/vietheritage/resource/registry-213cb56ca491,http://dbpedia.org/resource/Water_puppetry,1.0,verified,,True
http://localhost:3030/vietheritage/resource/registry-8328a08abe0a,http://dbpedia.org/resource/Đông_Hồ_painting,1.0,verified,,True
http://localhost:3030/vietheritage/resource/registry-99229e377814,http://dbpedia.org/resource/Tug_of_war,1.0,verified,,True
http://localhost:3030/vietheritage/resource/registry-e82140e01f4a,http://dbpedia.org/resource/Ca_Huế,1.0,verified,,True
http://localhost:3030/vietheritage/resource/registry-0a21487c70d6,http://dbpedia.org/resource/Hò_khoan,1.0,verified,,True
http://localhost:3030/vietheritage/resource/registry-b54471e322bd,http://dbpedia.org/resource/Ngoc_Lu_drum,1.0,verified,,True
http://localhost:3030/vietheritage/resource/registry-e543d4676cd5,http://dbpedia.org/resource/Việt_Khê,1.0,verified,,True
http://localhost:3030/vietheritage/resource/registry-5c00a7907df2,http://dbpedia.org/resource/Cauldron,1.0,verified,,True
http://localhost:3030/vietheritage/resource/registry-5988642e341f,http://dbpedia.org/resource/Cannon,1.0,verified,,True
http://localhost:3030/vietheritage/resource/registry-3dadb54d3b06,http://dbpedia.org/resource/Võ_Cạnh_inscription,1.0,verified,,True
