source_uri,target_uri,target_dataset,method,score,distance_km,type_compatible,status,reviewer,reviewed_at,reason
http://localhost:3030/vietheritage/resource/event-46f796e3c0a8,https://www.wikidata.org/entity/Q7096923,wikidata,wikidata-qid,1.0,,True,verified,automated:vietheritage-linker/0.1.0,2026-09-25T07:53:06Z,normalized deterministic QID
http://localhost:3030/vietheritage/resource/event-51a97bb466db,https://www.wikidata.org/entity/Q5361929,wikidata,wikidata-qid,1.0,,True,verified,automated:vietheritage-linker/0.1.0,2026-09-25T07:53:06Z,normalized deterministic QID
http://localhost:3030/vietheritage/resource/event-6fa18c98b523,https://www.wikidata.org/entity/Q2095768,wikidata,wikidata-qid,1.0,,True,verified,automated:vietheritage-linker/0.1.0,2026-09-25T07:53:06Z,normalized deterministic QID
http://localhost:3030/vietheritage/resource/event-b79650374533,https://www.wikidata.org/entity/Q2994973,wikidata,wikidata-qid,1.0,,True,verified,automated:vietheritage-linker/0.1.0,2026-09-25T07:53:06Z,normalized deterministic QID
http://localhost:3030/vietheritage/resource/person-wikidata-q10788162,https://www.wikidata.org/entity/Q10788162,wikidata,wikidata-qid,1.0,,True,verified,automated:vietheritage-linker/0.1.0,2026-09-25T07:53:06Z,normalized deterministic QID
http://localhost:3030/vietheritage/resource/person-wikidata-q10830179,https://www.wikidata.org/entity/Q10830179,wikidata,wikidata-qid,1.0,,True,verified,automated:vietheritage-linker/0.1.0,2026-09-25T07:53:06Z,normalized deterministic QID
http://localhost:3030/vietheritage/resource/person-wikidata-q1155843,https://www.wikidata.org/entity/Q1155843,wikidata,wikidata-qid,1.0,,True,verified,automated:vietheritage-linker/0.1.0,2026-09-25T07:53:06Z,normalized deterministic QID
http://localhost:3030/vietheritage/resource/person-wikidata-q1317979,https://www.wikidata.org/entity/Q1317979,wikidata,wikidata-qid,1.0,,True,verified,automated:vietheritage-linker/0.1.0,2026-09-25T07:53:06Z,normalized deterministic QID
http://localhost:3030/vietheritage/resource/person-wikidata-q16480384,https://www.wikidata.org/entity/Q16480384,wikidata,wikidata-qid,1.0,,True,verified,automated:vietheritage-linker/0.1.0,2026-09-25T07:53:06Z,normalized deterministic QID
http://localhost:3030/vietheritage/resource/person-wikidata-q16481089,https://www.wikidata.org/entity/Q16481089,wikidata,wikidata-qid,1.0,,True,verified,automated:vietheritage-linker/0.1.0,2026-09-25T07:53:06Z,normalized deterministic QID
http://localhost:3030/vietheritage/resource/person-wikidata-q16481478,https://www.wikidata.org/entity/Q16481478,wikidata,wikidata-qid,1.0,,True,verified,automated:vietheritage-linker/0.1.0,2026-09-25T07:53:06Z,normalized deterministic QID
http://localhost:3030/vietheritage/resource/person-wikidata-q210417,https://www.wikidata.org/entity/Q210417,wikidata,wikidata-qid,1.0,,True,verified,automated:vietheritage-linker/0.1.0,2026-09-25T07:53:06Z,normalized deterministic QID
http://localhost:3030/vietheritage/resource/person-wikidata-q25418141,https://www.wikidata.org/entity/Q25418141,wikidata,wikidata-qid,1.0,,True,verified,automated:vietheritage-linker/0.1.0,2026-09-25T07:53:06Z,normalized deterministic QID
http://localhost:3030/vietheritage/resource/person-wikidata-q25418142,https://www.wikidata.org/entity/Q25418142,wikidata,wikidata-qid,1.0,,True,verified,automated:vietheritage-linker/0.1.0,2026-09-25T07:53:06Z,normalized deterministic QID
http://localhost:3030/vietheritage/resource/person-wikidata-q269989,https://www.wikidata.org/entity/Q269989,wikidata,wikidata-qid,1.0,,True,verified,automated:vietheritage-linker/0.1.0,2026-09-25T07:53:06Z,normalized deterministic QID
http://localhost:3030/vietheritage/resource/person-wikidata-q3339372,https://www.wikidata.org/entity/Q3339372,wikidata,wikidata-qid,1.0,,True,verified,automated:vietheritage-linker/0.1.0,2026-09-25T07:53:06Z,normalized deterministic QID
http://localhost:3030/vietheritage/resource/person-wikidata-q4604,https://www.wikidata.org/entity/Q4604,wikidata,wikidata-qid,1.0,,True,verified,automated:vietheritage-linker/0.1.0,2026-09-25T07:53:06Z,normalized deterministic QID
http://localhost:3030/vietheritage/resource/person-wikidata-q49056066,https://www.wikidata.org/entity/Q49056066,wikidata,wikidata-qid,1.0,,True,verified,automated:vietheritage-linker/0.1.0,2026-09-25T07:53:06Z,normalized deterministic QID
http://localhost:3030/vietheritage/resource/person-wikidata-q511375,https://www.wikidata.org/entity/Q511375,wikidata,wikidata-qid,1.0,,True,verified,automated:vietheritage-linker/0.1.0,2026-09-25T07:53:06Z,normalized deterministic QID
http://localhost:3030/vietheritage/resource/person-wikidata-q6669645,https://www.wikidata.org/entity/Q6669645,wikidata,wikidata-qid,1.0,,True,verified,automated:vietheritage-linker/0.1.0,2026-09-25T07:53:06Z,normalized deterministic QID
http://localhost:3030/vietheritage/resource/person-wikidata-q704110,https://www.wikidata.org/entity/Q704110,wikidata,wikidata-qid,1.0,,True,verified,automated:vietheritage-linker/0.1.0,2026-09-25T07:53:06Z,normalized deterministic QID
http://localhost:3030/vietheritage/resource/person-wikidata-q716945,https://www.wikidata.org/entity/Q716945,wikidata,wikidata-qid,1.0,,True,verified,automated:vietheritage-linker/0.1.0,2026-09-25T07:53:06Z,normalized deterministic QID
http://localhost:3030/vietheritage/resource/person-wikidata-q7799843,https://www.wikidata.org/entity/Q7799843,wikidata,wikidata-qid,1.0,,True,verified,automated:vietheritage-linker/0.1.0,2026-09-25T07:53:06Z,normalized deterministic QID
http://localhost:3030/vietheritage/resource/person-wikidata-q7833315,https://www.wikidata.org/entity/Q7833315,wikidata,wikidata-qid,1.0,,True,verified,automated:vietheritage-linker/0.1.0,2026-09-25T07:53:06Z,normalized deterministic QID
http://localhost:3030/vietheritage/resource/registry-7422e8dbff6e,https://www.wikidata.org/entity/Q10810560,wikidata,wikidata-qid,1.0,,True,verified,automated:vietheritage-linker/0.1.0,2026-09-25T07:53:06Z,normalized deterministic QID
http://localhost:3030/vietheritage/resource/registry-53caa1c3d5a1,https://www.wikidata.org/entity/Q190128,wikidata,wikidata-qid,1.0,,True,verified,automated:vietheritage-linker/0.1.0,2026-09-25T07:53:06Z,normalized deterministic QID
http://localhost:3030/vietheritage/resource/registry-53caa1c3d5a1,http://dbpedia.org/resource/Hạ_Long_Bay,dbpedia,silk,1.0,,True,verified,automated:vietheritage-linker/0.1.0,2026-09-25T07:53:06Z,DBpedia HTTP SPARQL explicit owl:sameAs to the canonical Wikidata QID
http://localhost:3030/vietheritage/resource/registry-eae5ea01ab51,https://www.wikidata.org/entity/Q391406,wikidata,wikidata-qid,1.0,,True,verified,automated:vietheritage-linker/0.1.0,2026-09-25T07:53:06Z,normalized deterministic QID
http://localhost:3030/vietheritage/resource/registry-86aa62e80844,https://www.wikidata.org/entity/Q5965459,wikidata,wikidata-qid,1.0,,True,verified,automated:vietheritage-linker/0.1.0,2026-09-25T07:53:06Z,normalized deterministic QID
http://localhost:3030/vietheritage/resource/registry-50e10d2b672f,https://www.wikidata.org/entity/Q23513,wikidata,wikidata-qid,1.0,,True,verified,automated:vietheritage-linker/0.1.0,2026-09-25T07:53:06Z,normalized deterministic QID
http://localhost:3030/vietheritage/resource/registry-50e10d2b672f,http://dbpedia.org/resource/Phong_Nha_–_Kẻ_Bàng_National_Park,dbpedia,silk,1.0,,True,verified,automated:vietheritage-linker/0.1.0,2026-09-25T07:53:06Z,DBpedia HTTP SPARQL explicit owl:sameAs to the canonical Wikidata QID
http://localhost:3030/vietheritage/resource/registry-b89b72bd95bd,https://www.wikidata.org/entity/Q206219,wikidata,wikidata-qid,1.0,,True,verified,automated:vietheritage-linker/0.1.0,2026-09-25T07:53:06Z,normalized deterministic QID
http://localhost:3030/vietheritage/resource/registry-b89b72bd95bd,http://dbpedia.org/resource/Imperial_Citadel_of_Thăng_Long,dbpedia,silk,1.0,,True,verified,automated:vietheritage-linker/0.1.0,2026-09-25T07:53:06Z,DBpedia HTTP SPARQL explicit owl:sameAs to the canonical Wikidata QID
http://localhost:3030/vietheritage/resource/registry-9aa10e718d44,https://www.wikidata.org/entity/Q190060,wikidata,wikidata-qid,1.0,,True,verified,automated:vietheritage-linker/0.1.0,2026-09-25T07:53:06Z,normalized deterministic QID
http://localhost:3030/vietheritage/resource/registry-9aa10e718d44,http://dbpedia.org/resource/Citadel_of_the_Hồ_Dynasty,dbpedia,silk,1.0,,True,verified,automated:vietheritage-linker/0.1.0,2026-09-25T07:53:06Z,DBpedia HTTP SPARQL explicit owl:sameAs to the canonical Wikidata QID
http://localhost:3030/vietheritage/resource/registry-648a56354008,https://www.wikidata.org/entity/Q10810559,wikidata,wikidata-qid,1.0,,True,verified,automated:vietheritage-linker/0.1.0,2026-09-25T07:53:06Z,normalized deterministic QID
http://localhost:3030/vietheritage/resource/registry-648a56354008,http://dbpedia.org/resource/Tràng_An_Scenic_Landscape_Complex,dbpedia,silk,1.0,,True,verified,automated:vietheritage-linker/0.1.0,2026-09-25T07:53:06Z,DBpedia HTTP SPARQL explicit owl:sameAs to the canonical Wikidata QID
http://localhost:3030/vietheritage/resource/registry-7b4ed2fcd3bb,https://www.wikidata.org/entity/Q206219,wikidata,wikidata-qid,1.0,,True,verified,automated:vietheritage-linker/0.1.0,2026-09-25T07:53:06Z,normalized deterministic QID
http://localhost:3030/vietheritage/resource/registry-8961020b8c81,https://www.wikidata.org/entity/Q10810560,wikidata,wikidata-qid,1.0,,True,verified,automated:vietheritage-linker/0.1.0,2026-09-25T07:53:06Z,normalized deterministic QID
http://localhost:3030/vietheritage/resource/registry-07620c963e29,https://www.wikidata.org/entity/Q391406,wikidata,wikidata-qid,1.0,,True,verified,automated:vietheritage-linker/0.1.0,2026-09-25T07:53:06Z,normalized deterministic QID
http://localhost:3030/vietheritage/resource/registry-07620c963e29,http://dbpedia.org/resource/Mỹ_Sơn,dbpedia,silk,1.0,,True,verified,automated:vietheritage-linker/0.1.0,2026-09-25T07:53:06Z,DBpedia HTTP SPARQL explicit owl:sameAs to the canonical Wikidata QID
http://localhost:3030/vietheritage/resource/registry-4f7f50ef1f82,https://www.wikidata.org/entity/Q5965459,wikidata,wikidata-qid,1.0,,True,verified,automated:vietheritage-linker/0.1.0,2026-09-25T07:53:06Z,normalized deterministic QID
http://localhost:3030/vietheritage/resource/registry-e633de15bf3a,https://www.wikidata.org/entity/Q190128,wikidata,wikidata-qid,1.0,,True,verified,automated:vietheritage-linker/0.1.0,2026-09-25T07:53:06Z,normalized deterministic QID
http://localhost:3030/vietheritage/resource/registry-e633de15bf3a,http://dbpedia.org/resource/Hạ_Long_Bay,dbpedia,silk,1.0,,True,verified,automated:vietheritage-linker/0.1.0,2026-09-25T07:53:06Z,DBpedia HTTP SPARQL explicit owl:sameAs to the canonical Wikidata QID
http://localhost:3030/vietheritage/resource/registry-88143959304d,https://www.wikidata.org/entity/Q23513,wikidata,wikidata-qid,1.0,,True,verified,automated:vietheritage-linker/0.1.0,2026-09-25T07:53:06Z,normalized deterministic QID
http://localhost:3030/vietheritage/resource/registry-88143959304d,http://dbpedia.org/resource/Phong_Nha_–_Kẻ_Bàng_National_Park,dbpedia,silk,1.0,,True,verified,automated:vietheritage-linker/0.1.0,2026-09-25T07:53:06Z,DBpedia HTTP SPARQL explicit owl:sameAs to the canonical Wikidata QID
http://localhost:3030/vietheritage/resource/registry-1a3b5cf1fd3c,https://www.wikidata.org/entity/Q5964889,wikidata,wikidata-qid,1.0,,True,verified,automated:vietheritage-linker/0.1.0,2026-09-25T07:53:06Z,normalized deterministic QID
http://localhost:3030/vietheritage/resource/registry-1a3b5cf1fd3c,http://dbpedia.org/resource/Hùng_Temple,dbpedia,silk,1.0,,True,verified,automated:vietheritage-linker/0.1.0,2026-09-25T07:53:06Z,DBpedia HTTP SPARQL explicit owl:sameAs to the canonical Wikidata QID
http://localhost:3030/vietheritage/resource/registry-a913a5cc48aa,https://www.wikidata.org/entity/Q5370392,wikidata,wikidata-qid,1.0,,True,verified,automated:vietheritage-linker/0.1.0,2026-09-25T07:53:06Z,normalized deterministic QID
http://localhost:3030/vietheritage/resource/registry-24c63b39d00d,https://www.wikidata.org/entity/Q10779418,wikidata,wikidata-qid,1.0,,True,verified,automated:vietheritage-linker/0.1.0,2026-09-25T07:53:06Z,normalized deterministic QID
http://localhost:3030/vietheritage/resource/registry-c93fde3a690b,https://www.wikidata.org/entity/Q933384,wikidata,wikidata-qid,1.0,,True,verified,automated:vietheritage-linker/0.1.0,2026-09-25T07:53:06Z,normalized deterministic QID
http://localhost:3030/vietheritage/resource/registry-c93fde3a690b,http://dbpedia.org/resource/Independence_Palace,dbpedia,silk,1.0,,True,verified,automated:vietheritage-linker/0.1.0,2026-09-25T07:53:06Z,DBpedia HTTP SPARQL explicit owl:sameAs to the canonical Wikidata QID
http://localhost:3030/vietheritage/resource/registry-098ac344f344,https://www.wikidata.org/entity/Q2421186,wikidata,wikidata-qid,1.0,,True,verified,automated:vietheritage-linker/0.1.0,2026-09-25T07:53:06Z,normalized deterministic QID
http://localhost:3030/vietheritage/resource/registry-8e8fb3d090cb,https://www.wikidata.org/entity/Q1202019,wikidata,wikidata-qid,1.0,,True,verified,automated:vietheritage-linker/0.1.0,2026-09-25T07:53:06Z,normalized deterministic QID
http://localhost:3030/vietheritage/resource/registry-280af8a8985a,https://www.wikidata.org/entity/Q10779416,wikidata,wikidata-qid,1.0,,True,verified,automated:vietheritage-linker/0.1.0,2026-09-25T07:53:06Z,normalized deterministic QID
http://localhost:3030/vietheritage/resource/registry-aec3cbfb5219,https://www.wikidata.org/entity/Q190060,wikidata,wikidata-qid,1.0,,True,verified,automated:vietheritage-linker/0.1.0,2026-09-25T07:53:06Z,normalized deterministic QID
http://localhost:3030/vietheritage/resource/registry-56f716fc59f9,https://www.wikidata.org/entity/Q2879088,wikidata,wikidata-qid,1.0,,True,verified,automated:vietheritage-linker/0.1.0,2026-09-25T07:53:06Z,normalized deterministic QID
http://localhost:3030/vietheritage/resource/registry-f683a854a413,https://www.wikidata.org/entity/Q6409093,wikidata,wikidata-qid,1.0,,True,verified,automated:vietheritage-linker/0.1.0,2026-09-25T07:53:06Z,normalized deterministic QID
http://localhost:3030/vietheritage/resource/registry-7952b46ed559,https://www.wikidata.org/entity/Q10779476,wikidata,wikidata-qid,1.0,,True,verified,automated:vietheritage-linker/0.1.0,2026-09-25T07:53:06Z,normalized deterministic QID
http://localhost:3030/vietheritage/resource/registry-fd1b03a52bcd,https://www.wikidata.org/entity/Q7263979,wikidata,wikidata-qid,1.0,,True,verified,automated:vietheritage-linker/0.1.0,2026-09-25T07:53:06Z,normalized deterministic QID
http://localhost:3030/vietheritage/resource/registry-dbfdaf968c44,https://www.wikidata.org/entity/Q10747169,wikidata,wikidata-qid,1.0,,True,verified,automated:vietheritage-linker/0.1.0,2026-09-25T07:53:06Z,normalized deterministic QID
http://localhost:3030/vietheritage/resource/registry-4705920b4c79,https://www.wikidata.org/entity/Q10733393,wikidata,wikidata-qid,1.0,,True,verified,automated:vietheritage-linker/0.1.0,2026-09-25T07:53:06Z,normalized deterministic QID
http://localhost:3030/vietheritage/resource/registry-ceb69ee34426,https://www.wikidata.org/entity/Q124807221,wikidata,wikidata-qid,1.0,,True,verified,automated:vietheritage-linker/0.1.0,2026-09-25T07:53:06Z,normalized deterministic QID
http://localhost:3030/vietheritage/resource/registry-a794f65377e2,https://www.wikidata.org/entity/Q1406000,wikidata,wikidata-qid,1.0,,True,verified,automated:vietheritage-linker/0.1.0,2026-09-25T07:53:06Z,normalized deterministic QID
http://localhost:3030/vietheritage/resource/registry-994d06b85166,https://www.wikidata.org/entity/Q798059,wikidata,wikidata-qid,1.0,,True,verified,automated:vietheritage-linker/0.1.0,2026-09-25T07:53:06Z,normalized deterministic QID
http://localhost:3030/vietheritage/resource/registry-da36c0d9c6bc,https://www.wikidata.org/entity/Q10841706,wikidata,wikidata-qid,1.0,,True,verified,automated:vietheritage-linker/0.1.0,2026-09-25T07:53:06Z,normalized deterministic QID
http://localhost:3030/vietheritage/resource/registry-0120cc05bbed,https://www.wikidata.org/entity/Q10802059,wikidata,wikidata-qid,1.0,,True,verified,automated:vietheritage-linker/0.1.0,2026-09-25T07:53:06Z,normalized deterministic QID
http://localhost:3030/vietheritage/resource/registry-4fb6751f4dcd,https://www.wikidata.org/entity/Q10784247,wikidata,wikidata-qid,1.0,,True,verified,automated:vietheritage-linker/0.1.0,2026-09-25T07:53:06Z,normalized deterministic QID
http://localhost:3030/vietheritage/resource/registry-e2626eec5cfe,https://www.wikidata.org/entity/Q32247548,wikidata,wikidata-qid,1.0,,True,verified,automated:vietheritage-linker/0.1.0,2026-09-25T07:53:06Z,normalized deterministic QID
http://localhost:3030/vietheritage/resource/registry-8d3bf5f7a11c,https://www.wikidata.org/entity/Q10748440,wikidata,wikidata-qid,1.0,,True,verified,automated:vietheritage-linker/0.1.0,2026-09-25T07:53:06Z,normalized deterministic QID
http://localhost:3030/vietheritage/resource/registry-a011486f3195,https://www.wikidata.org/entity/Q2344822,wikidata,wikidata-qid,1.0,,True,verified,automated:vietheritage-linker/0.1.0,2026-09-25T07:53:06Z,normalized deterministic QID
http://localhost:3030/vietheritage/resource/registry-04545eb2de66,https://www.wikidata.org/entity/Q10763514,wikidata,wikidata-qid,1.0,,True,verified,automated:vietheritage-linker/0.1.0,2026-09-25T07:53:06Z,normalized deterministic QID
http://localhost:3030/vietheritage/resource/registry-858946833c17,https://www.wikidata.org/entity/Q1328473,wikidata,wikidata-qid,1.0,,True,verified,automated:vietheritage-linker/0.1.0,2026-09-25T07:53:06Z,normalized deterministic QID
http://localhost:3030/vietheritage/resource/registry-579e94fa60af,https://www.wikidata.org/entity/Q1421202,wikidata,wikidata-qid,1.0,,True,verified,automated:vietheritage-linker/0.1.0,2026-09-25T07:53:06Z,normalized deterministic QID
http://localhost:3030/vietheritage/resource/registry-fb867e4b336e,https://www.wikidata.org/entity/Q695916,wikidata,wikidata-qid,1.0,,True,verified,automated:vietheritage-linker/0.1.0,2026-09-25T07:53:06Z,normalized deterministic QID
http://localhost:3030/vietheritage/resource/registry-dfcef178d549,https://www.wikidata.org/entity/Q61133593,wikidata,wikidata-qid,1.0,,True,verified,automated:vietheritage-linker/0.1.0,2026-09-25T07:53:06Z,normalized deterministic QID
http://localhost:3030/vietheritage/resource/registry-69f5b6f43b02,https://www.wikidata.org/entity/Q30923818,wikidata,wikidata-qid,1.0,,True,verified,automated:vietheritage-linker/0.1.0,2026-09-25T07:53:06Z,normalized deterministic QID
http://localhost:3030/vietheritage/resource/registry-86f42708d93f,https://www.wikidata.org/entity/Q10779425,wikidata,wikidata-qid,1.0,,True,verified,automated:vietheritage-linker/0.1.0,2026-09-25T07:53:06Z,normalized deterministic QID
http://localhost:3030/vietheritage/resource/registry-01239fd4c29a,https://www.wikidata.org/entity/Q24957059,wikidata,wikidata-qid,1.0,,True,verified,automated:vietheritage-linker/0.1.0,2026-09-25T07:53:06Z,normalized deterministic QID
http://localhost:3030/vietheritage/resource/registry-d386c8c283f7,https://www.wikidata.org/entity/Q10825609,wikidata,wikidata-qid,1.0,,True,verified,automated:vietheritage-linker/0.1.0,2026-09-25T07:53:06Z,normalized deterministic QID
http://localhost:3030/vietheritage/resource/registry-b70dc5c6502d,https://www.wikidata.org/entity/Q10841695,wikidata,wikidata-qid,1.0,,True,verified,automated:vietheritage-linker/0.1.0,2026-09-25T07:53:06Z,normalized deterministic QID
http://localhost:3030/vietheritage/resource/registry-43a3e7715b7a-cf42ea,https://www.wikidata.org/entity/Q1151254,wikidata,wikidata-qid,1.0,,True,verified,automated:vietheritage-linker/0.1.0,2026-09-25T07:53:06Z,normalized deterministic QID
http://localhost:3030/vietheritage/resource/registry-43a3e7715b7a-9c23d0,https://www.wikidata.org/entity/Q3517494,wikidata,wikidata-qid,1.0,,True,verified,automated:vietheritage-linker/0.1.0,2026-09-25T07:53:06Z,normalized deterministic QID
http://localhost:3030/vietheritage/resource/registry-66c1aa1f3a96,https://www.wikidata.org/entity/Q10840631,wikidata,wikidata-qid,1.0,,True,verified,automated:vietheritage-linker/0.1.0,2026-09-25T07:53:06Z,normalized deterministic QID
http://localhost:3030/vietheritage/resource/registry-ea51124b7ac0,https://www.wikidata.org/entity/Q1091048,wikidata,wikidata-qid,1.0,,True,verified,automated:vietheritage-linker/0.1.0,2026-09-25T07:53:06Z,normalized deterministic QID
http://localhost:3030/vietheritage/resource/registry-5941413e7349,https://www.wikidata.org/entity/Q2857598,wikidata,wikidata-qid,1.0,,True,verified,automated:vietheritage-linker/0.1.0,2026-09-25T07:53:06Z,normalized deterministic QID
http://localhost:3030/vietheritage/resource/registry-6de9a6387a83,https://www.wikidata.org/entity/Q22712354,wikidata,wikidata-qid,1.0,,True,verified,automated:vietheritage-linker/0.1.0,2026-09-25T07:53:06Z,normalized deterministic QID
http://localhost:3030/vietheritage/resource/registry-5d0cea2ddae1,https://www.wikidata.org/entity/Q10841707,wikidata,wikidata-qid,1.0,,True,verified,automated:vietheritage-linker/0.1.0,2026-09-25T07:53:06Z,normalized deterministic QID
http://localhost:3030/vietheritage/resource/registry-c842907c028e,https://www.wikidata.org/entity/Q98137184,wikidata,wikidata-qid,1.0,,True,verified,automated:vietheritage-linker/0.1.0,2026-09-25T07:53:06Z,normalized deterministic QID
http://localhost:3030/vietheritage/resource/registry-b52f76eaec10,https://www.wikidata.org/entity/Q10779417,wikidata,wikidata-qid,1.0,,True,verified,automated:vietheritage-linker/0.1.0,2026-09-25T07:53:06Z,normalized deterministic QID
http://localhost:3030/vietheritage/resource/registry-df6380ddf3c3,https://www.wikidata.org/entity/Q10800919,wikidata,wikidata-qid,1.0,,True,verified,automated:vietheritage-linker/0.1.0,2026-09-25T07:53:06Z,normalized deterministic QID
http://localhost:3030/vietheritage/resource/registry-a3ceed236a60,https://www.wikidata.org/entity/Q10800918,wikidata,wikidata-qid,1.0,,True,verified,automated:vietheritage-linker/0.1.0,2026-09-25T07:53:06Z,normalized deterministic QID
http://localhost:3030/vietheritage/resource/registry-49e23450854b,https://www.wikidata.org/entity/Q738218,wikidata,wikidata-qid,1.0,,True,verified,automated:vietheritage-linker/0.1.0,2026-09-25T07:53:06Z,normalized deterministic QID
http://localhost:3030/vietheritage/resource/registry-ab21ac8be815,https://www.wikidata.org/entity/Q2791723,wikidata,wikidata-qid,1.0,,True,verified,automated:vietheritage-linker/0.1.0,2026-09-25T07:53:06Z,normalized deterministic QID
http://localhost:3030/vietheritage/resource/registry-6e3cc6129a1c,https://www.wikidata.org/entity/Q7799949,wikidata,wikidata-qid,1.0,,True,verified,automated:vietheritage-linker/0.1.0,2026-09-25T07:53:06Z,normalized deterministic QID
http://localhost:3030/vietheritage/resource/registry-042d5ab0b6bb,https://www.wikidata.org/entity/Q7189921,wikidata,wikidata-qid,1.0,,True,verified,automated:vietheritage-linker/0.1.0,2026-09-25T07:53:06Z,normalized deterministic QID
http://localhost:3030/vietheritage/resource/registry-de1174f06c3e,https://www.wikidata.org/entity/Q10807145,wikidata,wikidata-qid,1.0,,True,verified,automated:vietheritage-linker/0.1.0,2026-09-25T07:53:06Z,normalized deterministic QID
http://localhost:3030/vietheritage/resource/registry-d00b9a5d0e88,https://www.wikidata.org/entity/Q10841699,wikidata,wikidata-qid,1.0,,True,verified,automated:vietheritage-linker/0.1.0,2026-09-25T07:53:06Z,normalized deterministic QID
http://localhost:3030/vietheritage/resource/registry-0a2da6c36d50,https://www.wikidata.org/entity/Q10748567,wikidata,wikidata-qid,1.0,,True,verified,automated:vietheritage-linker/0.1.0,2026-09-25T07:53:06Z,normalized deterministic QID
http://localhost:3030/vietheritage/resource/registry-b26d0c6dea7a,https://www.wikidata.org/entity/Q3485391,wikidata,wikidata-qid,1.0,,True,verified,automated:vietheritage-linker/0.1.0,2026-09-25T07:53:06Z,normalized deterministic QID
http://localhost:3030/vietheritage/resource/registry-522fa9481918,https://www.wikidata.org/entity/Q5157981,wikidata,wikidata-qid,1.0,,True,verified,automated:vietheritage-linker/0.1.0,2026-09-25T07:53:06Z,normalized deterministic QID
http://localhost:3030/vietheritage/resource/registry-e4c164e3008e,https://www.wikidata.org/entity/Q109432294,wikidata,wikidata-qid,1.0,,True,verified,automated:vietheritage-linker/0.1.0,2026-09-25T07:53:06Z,normalized deterministic QID
http://localhost:3030/vietheritage/resource/registry-af0d3127bdec,https://www.wikidata.org/entity/Q10825838,wikidata,wikidata-qid,1.0,,True,verified,automated:vietheritage-linker/0.1.0,2026-09-25T07:53:06Z,normalized deterministic QID
http://localhost:3030/vietheritage/resource/registry-0a0a09f6922b,https://www.wikidata.org/entity/Q10825828,wikidata,wikidata-qid,1.0,,True,verified,automated:vietheritage-linker/0.1.0,2026-09-25T07:53:06Z,normalized deterministic QID
http://localhost:3030/vietheritage/resource/registry-5772ea302cb4,https://www.wikidata.org/entity/Q10748589,wikidata,wikidata-qid,1.0,,True,verified,automated:vietheritage-linker/0.1.0,2026-09-25T07:53:06Z,normalized deterministic QID
http://localhost:3030/vietheritage/resource/registry-535519ce64d1,https://www.wikidata.org/entity/Q10841708,wikidata,wikidata-qid,1.0,,True,verified,automated:vietheritage-linker/0.1.0,2026-09-25T07:53:06Z,normalized deterministic QID
http://localhost:3030/vietheritage/resource/registry-bfe1fe4b153d,https://www.wikidata.org/entity/Q24958616,wikidata,wikidata-qid,1.0,,True,verified,automated:vietheritage-linker/0.1.0,2026-09-25T07:53:06Z,normalized deterministic QID
http://localhost:3030/vietheritage/resource/registry-f37954b48f8e,https://www.wikidata.org/entity/Q192721,wikidata,wikidata-qid,1.0,,True,verified,automated:vietheritage-linker/0.1.0,2026-09-25T07:53:06Z,normalized deterministic QID
http://localhost:3030/vietheritage/resource/registry-2b793c130204,https://www.wikidata.org/entity/Q10825842,wikidata,wikidata-qid,1.0,,True,verified,automated:vietheritage-linker/0.1.0,2026-09-25T07:53:06Z,normalized deterministic QID
http://localhost:3030/vietheritage/resource/registry-ac781f8e46c5,https://www.wikidata.org/entity/Q1069757,wikidata,wikidata-qid,1.0,,True,verified,automated:vietheritage-linker/0.1.0,2026-09-25T07:53:06Z,normalized deterministic QID
http://localhost:3030/vietheritage/resource/registry-904980409990,https://www.wikidata.org/entity/Q10825862,wikidata,wikidata-qid,1.0,,True,verified,automated:vietheritage-linker/0.1.0,2026-09-25T07:53:06Z,normalized deterministic QID
http://localhost:3030/vietheritage/resource/registry-40889f0bafcb-4c9dbe,https://www.wikidata.org/entity/Q10842291,wikidata,wikidata-qid,1.0,,True,verified,automated:vietheritage-linker/0.1.0,2026-09-25T07:53:06Z,normalized deterministic QID
http://localhost:3030/vietheritage/resource/registry-3c300abb9903,https://www.wikidata.org/entity/Q10748441,wikidata,wikidata-qid,1.0,,True,verified,automated:vietheritage-linker/0.1.0,2026-09-25T07:53:06Z,normalized deterministic QID
http://localhost:3030/vietheritage/resource/registry-069da54d9cc1,https://www.wikidata.org/entity/Q10748387,wikidata,wikidata-qid,1.0,,True,verified,automated:vietheritage-linker/0.1.0,2026-09-25T07:53:06Z,normalized deterministic QID
http://localhost:3030/vietheritage/resource/registry-1056e0888fbf,https://www.wikidata.org/entity/Q32178090,wikidata,wikidata-qid,1.0,,True,verified,automated:vietheritage-linker/0.1.0,2026-09-25T07:53:06Z,normalized deterministic QID
http://localhost:3030/vietheritage/resource/registry-cec0cf31819e,https://www.wikidata.org/entity/Q10841674,wikidata,wikidata-qid,1.0,,True,verified,automated:vietheritage-linker/0.1.0,2026-09-25T07:53:06Z,normalized deterministic QID
http://localhost:3030/vietheritage/resource/registry-923800e18d3a,https://www.wikidata.org/entity/Q1532226,wikidata,wikidata-qid,1.0,,True,verified,automated:vietheritage-linker/0.1.0,2026-09-25T07:53:06Z,normalized deterministic QID
http://localhost:3030/vietheritage/resource/registry-fd03e1f1662c-53c105,https://www.wikidata.org/entity/Q109438443,wikidata,wikidata-qid,1.0,,True,verified,automated:vietheritage-linker/0.1.0,2026-09-25T07:53:06Z,normalized deterministic QID
http://localhost:3030/vietheritage/resource/registry-fd03e1f1662c-f33488,https://www.wikidata.org/entity/Q109430307,wikidata,wikidata-qid,1.0,,True,verified,automated:vietheritage-linker/0.1.0,2026-09-25T07:53:06Z,normalized deterministic QID
http://localhost:3030/vietheritage/resource/registry-89d5a86b73af,https://www.wikidata.org/entity/Q3917231,wikidata,wikidata-qid,1.0,,True,verified,automated:vietheritage-linker/0.1.0,2026-09-25T07:53:06Z,normalized deterministic QID
http://localhost:3030/vietheritage/resource/registry-fe7f386c05f7,https://www.wikidata.org/entity/Q7168306,wikidata,wikidata-qid,1.0,,True,verified,automated:vietheritage-linker/0.1.0,2026-09-25T07:53:06Z,normalized deterministic QID
http://localhost:3030/vietheritage/resource/registry-00e726adaa7a,https://www.wikidata.org/entity/Q10840581,wikidata,wikidata-qid,1.0,,True,verified,automated:vietheritage-linker/0.1.0,2026-09-25T07:53:06Z,normalized deterministic QID
http://localhost:3030/vietheritage/resource/registry-a75893095411,https://www.wikidata.org/entity/Q10825850,wikidata,wikidata-qid,1.0,,True,verified,automated:vietheritage-linker/0.1.0,2026-09-25T07:53:06Z,normalized deterministic QID
http://localhost:3030/vietheritage/resource/registry-13c76c9faa2b,https://www.wikidata.org/entity/Q61132225,wikidata,wikidata-qid,1.0,,True,verified,automated:vietheritage-linker/0.1.0,2026-09-25T07:53:06Z,normalized deterministic QID
http://localhost:3030/vietheritage/resource/registry-cf3a95fb74c2,https://www.wikidata.org/entity/Q10841724,wikidata,wikidata-qid,1.0,,True,verified,automated:vietheritage-linker/0.1.0,2026-09-25T07:53:06Z,normalized deterministic QID
http://localhost:3030/vietheritage/resource/registry-f5c20a16045c,https://www.wikidata.org/entity/Q10831650,wikidata,wikidata-qid,1.0,,True,verified,automated:vietheritage-linker/0.1.0,2026-09-25T07:53:06Z,normalized deterministic QID
http://localhost:3030/vietheritage/resource/registry-7b94c57c3288,https://www.wikidata.org/entity/Q49054268,wikidata,wikidata-qid,1.0,,True,verified,automated:vietheritage-linker/0.1.0,2026-09-25T07:53:06Z,normalized deterministic QID
http://localhost:3030/vietheritage/resource/registry-4ceaa6994aa0,https://www.wikidata.org/entity/Q10763516,wikidata,wikidata-qid,1.0,,True,verified,automated:vietheritage-linker/0.1.0,2026-09-25T07:53:06Z,normalized deterministic QID
http://localhost:3030/vietheritage/resource/registry-e2653026213b,https://www.wikidata.org/entity/Q10800930,wikidata,wikidata-qid,1.0,,True,verified,automated:vietheritage-linker/0.1.0,2026-09-25T07:53:06Z,normalized deterministic QID
http://localhost:3030/vietheritage/resource/registry-c342ba116022,https://www.wikidata.org/entity/Q6755207,wikidata,wikidata-qid,1.0,,True,verified,automated:vietheritage-linker/0.1.0,2026-09-25T07:53:06Z,normalized deterministic QID
http://localhost:3030/vietheritage/resource/registry-5caff4376e24,https://www.wikidata.org/entity/Q10779399,wikidata,wikidata-qid,1.0,,True,verified,automated:vietheritage-linker/0.1.0,2026-09-25T07:53:06Z,normalized deterministic QID
http://localhost:3030/vietheritage/resource/registry-29f87705b5fb,https://www.wikidata.org/entity/Q2447747,wikidata,wikidata-qid,1.0,,True,verified,automated:vietheritage-linker/0.1.0,2026-09-25T07:53:06Z,normalized deterministic QID
http://localhost:3030/vietheritage/resource/registry-7d309bea2919,https://www.wikidata.org/entity/Q2397005,wikidata,wikidata-qid,1.0,,True,verified,automated:vietheritage-linker/0.1.0,2026-09-25T07:53:06Z,normalized deterministic QID
http://localhost:3030/vietheritage/resource/registry-7d309bea2919,http://dbpedia.org/resource/Space_of_gong_culture,dbpedia,silk,1.0,,True,verified,automated:vietheritage-linker/0.1.0,2026-09-25T07:53:06Z,DBpedia HTTP SPARQL explicit owl:sameAs to the canonical Wikidata QID
http://localhost:3030/vietheritage/resource/registry-119e24d03718,https://www.wikidata.org/entity/Q3525838,wikidata,wikidata-qid,1.0,,True,verified,automated:vietheritage-linker/0.1.0,2026-09-25T07:53:06Z,normalized deterministic QID
http://localhost:3030/vietheritage/resource/registry-119e24d03718,http://dbpedia.org/resource/Quan_họ,dbpedia,silk,1.0,,True,verified,automated:vietheritage-linker/0.1.0,2026-09-25T07:53:06Z,DBpedia HTTP SPARQL explicit owl:sameAs to the canonical Wikidata QID
http://localhost:3030/vietheritage/resource/registry-0475e43741e0,https://www.wikidata.org/entity/Q5563375,wikidata,wikidata-qid,1.0,,True,verified,automated:vietheritage-linker/0.1.0,2026-09-25T07:53:06Z,normalized deterministic QID
http://localhost:3030/vietheritage/resource/registry-fba0084874c9,https://www.wikidata.org/entity/Q18461064,wikidata,wikidata-qid,1.0,,True,verified,automated:vietheritage-linker/0.1.0,2026-09-25T07:53:06Z,normalized deterministic QID
http://localhost:3030/vietheritage/resource/registry-25c02fe4b3cb,https://www.wikidata.org/entity/Q7023407,wikidata,wikidata-qid,1.0,,True,verified,automated:vietheritage-linker/0.1.0,2026-09-25T07:53:06Z,normalized deterministic QID
http://localhost:3030/vietheritage/resource/registry-58ccef360294,https://www.wikidata.org/entity/Q10770854,wikidata,wikidata-qid,1.0,,True,verified,automated:vietheritage-linker/0.1.0,2026-09-25T07:53:06Z,normalized deterministic QID
http://localhost:3030/vietheritage/resource/registry-4f00eb050a0f,https://www.wikidata.org/entity/Q102843,wikidata,wikidata-qid,1.0,,True,verified,automated:vietheritage-linker/0.1.0,2026-09-25T07:53:06Z,normalized deterministic QID
http://localhost:3030/vietheritage/resource/registry-d3b7c0e4a4b8,https://www.wikidata.org/entity/Q5221505,wikidata,wikidata-qid,1.0,,True,verified,automated:vietheritage-linker/0.1.0,2026-09-25T07:53:06Z,normalized deterministic QID
http://localhost:3030/vietheritage/resource/registry-6153b8266f12,https://www.wikidata.org/entity/Q10742121,wikidata,wikidata-qid,1.0,,True,verified,automated:vietheritage-linker/0.1.0,2026-09-25T07:53:06Z,normalized deterministic QID
http://localhost:3030/vietheritage/resource/registry-f855915303a0,https://www.wikidata.org/entity/Q10770871,wikidata,wikidata-qid,1.0,,True,verified,automated:vietheritage-linker/0.1.0,2026-09-25T07:53:06Z,normalized deterministic QID
http://localhost:3030/vietheritage/resource/registry-23964f5ef4d2,https://www.wikidata.org/entity/Q16481207,wikidata,wikidata-qid,1.0,,True,verified,automated:vietheritage-linker/0.1.0,2026-09-25T07:53:06Z,normalized deterministic QID
http://localhost:3030/vietheritage/resource/registry-b9f015fa9be1,https://www.wikidata.org/entity/Q109438441,wikidata,wikidata-qid,1.0,,True,verified,automated:vietheritage-linker/0.1.0,2026-09-25T07:53:06Z,normalized deterministic QID
http://localhost:3030/vietheritage/resource/registry-c30f6cea63f9,https://www.wikidata.org/entity/Q81105,wikidata,wikidata-qid,1.0,,True,verified,automated:vietheritage-linker/0.1.0,2026-09-25T07:53:06Z,normalized deterministic QID
http://localhost:3030/vietheritage/resource/registry-c30f6cea63f9,http://dbpedia.org/resource/Ca_trù,dbpedia,silk,1.0,,True,verified,automated:vietheritage-linker/0.1.0,2026-09-25T07:53:06Z,DBpedia HTTP SPARQL explicit owl:sameAs to the canonical Wikidata QID
http://localhost:3030/vietheritage/resource/registry-ca54f635ab9a,https://www.wikidata.org/entity/Q2447747,wikidata,wikidata-qid,1.0,,True,verified,automated:vietheritage-linker/0.1.0,2026-09-25T07:53:06Z,normalized deterministic QID
http://localhost:3030/vietheritage/resource/registry-2dc9c151de83,https://www.wikidata.org/entity/Q2397005,wikidata,wikidata-qid,1.0,,True,verified,automated:vietheritage-linker/0.1.0,2026-09-25T07:53:06Z,normalized deterministic QID
http://localhost:3030/vietheritage/resource/registry-2dc9c151de83,http://dbpedia.org/resource/Space_of_gong_culture,dbpedia,silk,1.0,,True,verified,automated:vietheritage-linker/0.1.0,2026-09-25T07:53:06Z,DBpedia HTTP SPARQL explicit owl:sameAs to the canonical Wikidata QID
http://localhost:3030/vietheritage/resource/registry-f2a3e08c5c71,https://www.wikidata.org/entity/Q3525838,wikidata,wikidata-qid,1.0,,True,verified,automated:vietheritage-linker/0.1.0,2026-09-25T07:53:06Z,normalized deterministic QID
http://localhost:3030/vietheritage/resource/registry-bdcfdb271289,https://www.wikidata.org/entity/Q81105,wikidata,wikidata-qid,1.0,,True,verified,automated:vietheritage-linker/0.1.0,2026-09-25T07:53:06Z,normalized deterministic QID
http://localhost:3030/vietheritage/resource/registry-883570f68def,https://www.wikidata.org/entity/Q10770871,wikidata,wikidata-qid,1.0,,True,verified,automated:vietheritage-linker/0.1.0,2026-09-25T07:53:06Z,normalized deterministic QID
http://localhost:3030/vietheritage/resource/registry-a88ab2dadbcc,https://www.wikidata.org/entity/Q10770854,wikidata,wikidata-qid,1.0,,True,verified,automated:vietheritage-linker/0.1.0,2026-09-25T07:53:06Z,normalized deterministic QID
http://localhost:3030/vietheritage/resource/registry-c637c6eb34c7,https://www.wikidata.org/entity/Q863860,wikidata,wikidata-qid,1.0,,True,verified,automated:vietheritage-linker/0.1.0,2026-09-25T07:53:06Z,normalized deterministic QID
http://localhost:3030/vietheritage/resource/registry-c637c6eb34c7,http://dbpedia.org/resource/Võ_thuật_Bình_Định,dbpedia,silk,1.0,,True,verified,automated:vietheritage-linker/0.1.0,2026-09-25T07:53:06Z,DBpedia HTTP SPARQL explicit owl:sameAs to the canonical Wikidata QID
http://localhost:3030/vietheritage/resource/registry-213cb56ca491,https://www.wikidata.org/entity/Q747876,wikidata,wikidata-qid,1.0,,True,verified,automated:vietheritage-linker/0.1.0,2026-09-25T07:53:06Z,normalized deterministic QID
http://localhost:3030/vietheritage/resource/registry-213cb56ca491,http://dbpedia.org/resource/Water_puppetry,dbpedia,silk,1.0,,True,verified,automated:vietheritage-linker/0.1.0,2026-09-25T07:53:06Z,DBpedia HTTP SPARQL explicit owl:sameAs to the canonical Wikidata QID
http://localhost:3030/vietheritage/resource/registry-0d6aeb5591c2,https://www.wikidata.org/entity/Q5563375,wikidata,wikidata-qid,1.0,,True,verified,automated:vietheritage-linker/0.1.0,2026-09-25T07:53:06Z,normalized deterministic QID
http://localhost:3030/vietheritage/resource/registry-2a6c75ce60cc,https://www.wikidata.org/entity/Q10788557,wikidata,wikidata-qid,1.0,,True,verified,automated:vietheritage-linker/0.1.0,2026-09-25T07:53:06Z,normalized deterministic QID
http://localhost:3030/vietheritage/resource/registry-2daf70c29214,https://www.wikidata.org/entity/Q10788613,wikidata,wikidata-qid,1.0,,True,verified,automated:vietheritage-linker/0.1.0,2026-09-25T07:53:06Z,normalized deterministic QID
http://localhost:3030/vietheritage/resource/registry-0c1c9831d7d8,https://www.wikidata.org/entity/Q18461064,wikidata,wikidata-qid,1.0,,True,verified,automated:vietheritage-linker/0.1.0,2026-09-25T07:53:06Z,normalized deterministic QID
http://localhost:3030/vietheritage/resource/registry-29098ec74fed,https://www.wikidata.org/entity/Q16481207,wikidata,wikidata-qid,1.0,,True,verified,automated:vietheritage-linker/0.1.0,2026-09-25T07:53:06Z,normalized deterministic QID
http://localhost:3030/vietheritage/resource/registry-00a0f7887fe0,https://www.wikidata.org/entity/Q61133202,wikidata,wikidata-qid,1.0,,True,verified,automated:vietheritage-linker/0.1.0,2026-09-25T07:53:06Z,normalized deterministic QID
http://localhost:3030/vietheritage/resource/registry-8328a08abe0a,https://www.wikidata.org/entity/Q1923756,wikidata,wikidata-qid,1.0,,True,verified,automated:vietheritage-linker/0.1.0,2026-09-25T07:53:06Z,normalized deterministic QID
http://localhost:3030/vietheritage/resource/registry-8328a08abe0a,http://dbpedia.org/resource/Đông_Hồ_painting,dbpedia,silk,1.0,,True,verified,automated:vietheritage-linker/0.1.0,2026-09-25T07:53:06Z,DBpedia HTTP SPARQL explicit owl:sameAs to the canonical Wikidata QID
http://localhost:3030/vietheritage/resource/registry-01f067c85ba9,https://www.wikidata.org/entity/Q10788621,wikidata,wikidata-qid,1.0,,True,verified,automated:vietheritage-linker/0.1.0,2026-09-25T07:53:06Z,normalized deterministic QID
http://localhost:3030/vietheritage/resource/registry-1a571f967972,https://www.wikidata.org/entity/Q18458480,wikidata,wikidata-qid,1.0,,True,verified,automated:vietheritage-linker/0.1.0,2026-09-25T07:53:06Z,normalized deterministic QID
http://localhost:3030/vietheritage/resource/registry-fe9a3f2c5ba6,https://www.wikidata.org/entity/Q10788628,wikidata,wikidata-qid,1.0,,True,verified,automated:vietheritage-linker/0.1.0,2026-09-25T07:53:06Z,normalized deterministic QID
http://localhost:3030/vietheritage/resource/registry-6b9dfe136a55,https://www.wikidata.org/entity/Q109438441,wikidata,wikidata-qid,1.0,,True,verified,automated:vietheritage-linker/0.1.0,2026-09-25T07:53:06Z,normalized deterministic QID
http://localhost:3030/vietheritage/resource/registry-ca33ac006161,https://www.wikidata.org/entity/Q61128046,wikidata,wikidata-qid,1.0,,True,verified,automated:vietheritage-linker/0.1.0,2026-09-25T07:53:06Z,normalized deterministic QID
http://localhost:3030/vietheritage/resource/registry-13bda57bbfca,https://www.wikidata.org/entity/Q11050297,wikidata,wikidata-qid,1.0,,True,verified,automated:vietheritage-linker/0.1.0,2026-09-25T07:53:06Z,normalized deterministic QID
http://localhost:3030/vietheritage/resource/registry-622a4e5990c4,https://www.wikidata.org/entity/Q10742121,wikidata,wikidata-qid,1.0,,True,verified,automated:vietheritage-linker/0.1.0,2026-09-25T07:53:06Z,normalized deterministic QID
http://localhost:3030/vietheritage/resource/registry-8792b692e3c9,https://www.wikidata.org/entity/Q10742121,wikidata,wikidata-qid,1.0,,True,verified,automated:vietheritage-linker/0.1.0,2026-09-25T07:53:06Z,normalized deterministic QID
http://localhost:3030/vietheritage/resource/registry-185f7241c8fb,https://www.wikidata.org/entity/Q10742121,wikidata,wikidata-qid,1.0,,True,verified,automated:vietheritage-linker/0.1.0,2026-09-25T07:53:06Z,normalized deterministic QID
http://localhost:3030/vietheritage/resource/registry-c3556d4d22fb,https://www.wikidata.org/entity/Q16481207,wikidata,wikidata-qid,1.0,,True,verified,automated:vietheritage-linker/0.1.0,2026-09-25T07:53:06Z,normalized deterministic QID
http://localhost:3030/vietheritage/resource/registry-b55f4328e473,https://www.wikidata.org/entity/Q10770840,wikidata,wikidata-qid,1.0,,True,verified,automated:vietheritage-linker/0.1.0,2026-09-25T07:53:06Z,normalized deterministic QID
http://localhost:3030/vietheritage/resource/registry-99229e377814,https://www.wikidata.org/entity/Q102843,wikidata,wikidata-qid,1.0,,True,verified,automated:vietheritage-linker/0.1.0,2026-09-25T07:53:06Z,normalized deterministic QID
http://localhost:3030/vietheritage/resource/registry-99229e377814,http://dbpedia.org/resource/Tug_of_war,dbpedia,silk,1.0,,True,verified,automated:vietheritage-linker/0.1.0,2026-09-25T07:53:06Z,DBpedia HTTP SPARQL explicit owl:sameAs to the canonical Wikidata QID
http://localhost:3030/vietheritage/resource/registry-fda343a6ebcc,https://www.wikidata.org/entity/Q50922911,wikidata,wikidata-qid,1.0,,True,verified,automated:vietheritage-linker/0.1.0,2026-09-25T07:53:06Z,normalized deterministic QID
http://localhost:3030/vietheritage/resource/registry-59a9f2e4db82,https://www.wikidata.org/entity/Q24953325,wikidata,wikidata-qid,1.0,,True,verified,automated:vietheritage-linker/0.1.0,2026-09-25T07:53:06Z,normalized deterministic QID
http://localhost:3030/vietheritage/resource/registry-d1ad44474257,https://www.wikidata.org/entity/Q10830183,wikidata,wikidata-qid,1.0,,True,verified,automated:vietheritage-linker/0.1.0,2026-09-25T07:53:06Z,normalized deterministic QID
http://localhost:3030/vietheritage/resource/registry-cbe27038f75a,https://www.wikidata.org/entity/Q16481207,wikidata,wikidata-qid,1.0,,True,verified,automated:vietheritage-linker/0.1.0,2026-09-25T07:53:06Z,normalized deterministic QID
http://localhost:3030/vietheritage/resource/registry-d7fe92e1ee10,https://www.wikidata.org/entity/Q118108897,wikidata,wikidata-qid,1.0,,True,verified,automated:vietheritage-linker/0.1.0,2026-09-25T07:53:06Z,normalized deterministic QID
http://localhost:3030/vietheritage/resource/registry-b7cb354049f4,https://www.wikidata.org/entity/Q109438441,wikidata,wikidata-qid,1.0,,True,verified,automated:vietheritage-linker/0.1.0,2026-09-25T07:53:06Z,normalized deterministic QID
http://localhost:3030/vietheritage/resource/registry-417a99343a7a,https://www.wikidata.org/entity/Q109438441,wikidata,wikidata-qid,1.0,,True,verified,automated:vietheritage-linker/0.1.0,2026-09-25T07:53:06Z,normalized deterministic QID
http://localhost:3030/vietheritage/resource/registry-e82140e01f4a,https://www.wikidata.org/entity/Q5015164,wikidata,wikidata-qid,1.0,,True,verified,automated:vietheritage-linker/0.1.0,2026-09-25T07:53:06Z,normalized deterministic QID
http://localhost:3030/vietheritage/resource/registry-e82140e01f4a,http://dbpedia.org/resource/Ca_Huế,dbpedia,silk,1.0,,True,verified,automated:vietheritage-linker/0.1.0,2026-09-25T07:53:06Z,DBpedia HTTP SPARQL explicit owl:sameAs to the canonical Wikidata QID
http://localhost:3030/vietheritage/resource/registry-006e43c89987,https://www.wikidata.org/entity/Q16481207,wikidata,wikidata-qid,1.0,,True,verified,automated:vietheritage-linker/0.1.0,2026-09-25T07:53:06Z,normalized deterministic QID
http://localhost:3030/vietheritage/resource/registry-151bcd496d7f,https://www.wikidata.org/entity/Q16481207,wikidata,wikidata-qid,1.0,,True,verified,automated:vietheritage-linker/0.1.0,2026-09-25T07:53:06Z,normalized deterministic QID
http://localhost:3030/vietheritage/resource/registry-78fb29c1bd88,https://www.wikidata.org/entity/Q16481207,wikidata,wikidata-qid,1.0,,True,verified,automated:vietheritage-linker/0.1.0,2026-09-25T07:53:06Z,normalized deterministic QID
http://localhost:3030/vietheritage/resource/registry-65dfbc2c2a74,https://www.wikidata.org/entity/Q87648758,wikidata,wikidata-qid,1.0,,True,verified,automated:vietheritage-linker/0.1.0,2026-09-25T07:53:06Z,normalized deterministic QID
http://localhost:3030/vietheritage/resource/registry-e85d7323b189,https://www.wikidata.org/entity/Q61133202,wikidata,wikidata-qid,1.0,,True,verified,automated:vietheritage-linker/0.1.0,2026-09-25T07:53:06Z,normalized deterministic QID
http://localhost:3030/vietheritage/resource/registry-0d2eff0b3bad,https://www.wikidata.org/entity/Q87648913,wikidata,wikidata-qid,1.0,,True,verified,automated:vietheritage-linker/0.1.0,2026-09-25T07:53:06Z,normalized deterministic QID
http://localhost:3030/vietheritage/resource/registry-6905d3a28443,https://www.wikidata.org/entity/Q87648913,wikidata,wikidata-qid,1.0,,True,verified,automated:vietheritage-linker/0.1.0,2026-09-25T07:53:06Z,normalized deterministic QID
http://localhost:3030/vietheritage/resource/registry-ae5d1861d80d,https://www.wikidata.org/entity/Q10788643,wikidata,wikidata-qid,1.0,,True,verified,automated:vietheritage-linker/0.1.0,2026-09-25T07:53:06Z,normalized deterministic QID
http://localhost:3030/vietheritage/resource/registry-dd149c47b5fe,https://www.wikidata.org/entity/Q17118720,wikidata,wikidata-qid,1.0,,True,verified,automated:vietheritage-linker/0.1.0,2026-09-25T07:53:06Z,normalized deterministic QID
http://localhost:3030/vietheritage/resource/registry-5aad81f84a8a,https://www.wikidata.org/entity/Q10788621,wikidata,wikidata-qid,1.0,,True,verified,automated:vietheritage-linker/0.1.0,2026-09-25T07:53:06Z,normalized deterministic QID
http://localhost:3030/vietheritage/resource/registry-baafb654c1c5,https://www.wikidata.org/entity/Q10828632,wikidata,wikidata-qid,1.0,,True,verified,automated:vietheritage-linker/0.1.0,2026-09-25T07:53:06Z,normalized deterministic QID
http://localhost:3030/vietheritage/resource/registry-9a609934ebb2,https://www.wikidata.org/entity/Q10742121,wikidata,wikidata-qid,1.0,,True,verified,automated:vietheritage-linker/0.1.0,2026-09-25T07:53:06Z,normalized deterministic QID
http://localhost:3030/vietheritage/resource/registry-4efd5222b068,https://www.wikidata.org/entity/Q17118720,wikidata,wikidata-qid,1.0,,True,verified,automated:vietheritage-linker/0.1.0,2026-09-25T07:53:06Z,normalized deterministic QID
http://localhost:3030/vietheritage/resource/registry-c00abce048ce,https://www.wikidata.org/entity/Q10788658,wikidata,wikidata-qid,1.0,,True,verified,automated:vietheritage-linker/0.1.0,2026-09-25T07:53:06Z,normalized deterministic QID
http://localhost:3030/vietheritage/resource/registry-07c670fd681c,https://www.wikidata.org/entity/Q10788582,wikidata,wikidata-qid,1.0,,True,verified,automated:vietheritage-linker/0.1.0,2026-09-25T07:53:06Z,normalized deterministic QID
http://localhost:3030/vietheritage/resource/registry-bed91e8d63f3,https://www.wikidata.org/entity/Q87649081,wikidata,wikidata-qid,1.0,,True,verified,automated:vietheritage-linker/0.1.0,2026-09-25T07:53:06Z,normalized deterministic QID
http://localhost:3030/vietheritage/resource/registry-a8a1804bdd58,https://www.wikidata.org/entity/Q87648913,wikidata,wikidata-qid,1.0,,True,verified,automated:vietheritage-linker/0.1.0,2026-09-25T07:53:06Z,normalized deterministic QID
http://localhost:3030/vietheritage/resource/registry-0a21487c70d6,https://www.wikidata.org/entity/Q5964411,wikidata,wikidata-qid,1.0,,True,verified,automated:vietheritage-linker/0.1.0,2026-09-25T07:53:06Z,normalized deterministic QID
http://localhost:3030/vietheritage/resource/registry-0a21487c70d6,http://dbpedia.org/resource/Hò_khoan,dbpedia,silk,1.0,,True,verified,automated:vietheritage-linker/0.1.0,2026-09-25T07:53:06Z,DBpedia HTTP SPARQL explicit owl:sameAs to the canonical Wikidata QID
http://localhost:3030/vietheritage/resource/registry-ecd3af733215,https://www.wikidata.org/entity/Q10788575,wikidata,wikidata-qid,1.0,,True,verified,automated:vietheritage-linker/0.1.0,2026-09-25T07:53:06Z,normalized deterministic QID
http://localhost:3030/vietheritage/resource/registry-4c721ee5ef7e,https://www.wikidata.org/entity/Q10757359,wikidata,wikidata-qid,1.0,,True,verified,automated:vietheritage-linker/0.1.0,2026-09-25T07:53:06Z,normalized deterministic QID
http://localhost:3030/vietheritage/resource/registry-3b32c29bb958,https://www.wikidata.org/entity/Q10788582,wikidata,wikidata-qid,1.0,,True,verified,automated:vietheritage-linker/0.1.0,2026-09-25T07:53:06Z,normalized deterministic QID
http://localhost:3030/vietheritage/resource/registry-457560d306b8,https://www.wikidata.org/entity/Q87648913,wikidata,wikidata-qid,1.0,,True,verified,automated:vietheritage-linker/0.1.0,2026-09-25T07:53:06Z,normalized deterministic QID
http://localhost:3030/vietheritage/resource/registry-9212aafdc929,https://www.wikidata.org/entity/Q747876,wikidata,wikidata-qid,1.0,,True,verified,automated:vietheritage-linker/0.1.0,2026-09-25T07:53:06Z,normalized deterministic QID
http://localhost:3030/vietheritage/resource/registry-4be33e3c428f,https://www.wikidata.org/entity/Q16481207,wikidata,wikidata-qid,1.0,,True,verified,automated:vietheritage-linker/0.1.0,2026-09-25T07:53:06Z,normalized deterministic QID
http://localhost:3030/vietheritage/resource/registry-d4056431591b,https://www.wikidata.org/entity/Q10788621,wikidata,wikidata-qid,1.0,,True,verified,automated:vietheritage-linker/0.1.0,2026-09-25T07:53:06Z,normalized deterministic QID
http://localhost:3030/vietheritage/resource/registry-a8b5be6289af,https://www.wikidata.org/entity/Q10770860,wikidata,wikidata-qid,1.0,,True,verified,automated:vietheritage-linker/0.1.0,2026-09-25T07:53:06Z,normalized deterministic QID
http://localhost:3030/vietheritage/resource/registry-d032fe5483f2,https://www.wikidata.org/entity/Q10788647,wikidata,wikidata-qid,1.0,,True,verified,automated:vietheritage-linker/0.1.0,2026-09-25T07:53:06Z,normalized deterministic QID
http://localhost:3030/vietheritage/resource/registry-d728cc4ff5cd,https://www.wikidata.org/entity/Q10770860,wikidata,wikidata-qid,1.0,,True,verified,automated:vietheritage-linker/0.1.0,2026-09-25T07:53:06Z,normalized deterministic QID
http://localhost:3030/vietheritage/resource/registry-acbca91bfb08,https://www.wikidata.org/entity/Q10748777,wikidata,wikidata-qid,1.0,,True,verified,automated:vietheritage-linker/0.1.0,2026-09-25T07:53:06Z,normalized deterministic QID
http://localhost:3030/vietheritage/resource/registry-6ced0fd3e045,https://www.wikidata.org/entity/Q10836741,wikidata,wikidata-qid,1.0,,True,verified,automated:vietheritage-linker/0.1.0,2026-09-25T07:53:06Z,normalized deterministic QID
http://localhost:3030/vietheritage/resource/registry-dfc07d4f4ef2,https://www.wikidata.org/entity/Q10788575,wikidata,wikidata-qid,1.0,,True,verified,automated:vietheritage-linker/0.1.0,2026-09-25T07:53:06Z,normalized deterministic QID
http://localhost:3030/vietheritage/resource/registry-4e1cea144116,https://www.wikidata.org/entity/Q18459572,wikidata,wikidata-qid,1.0,,True,verified,automated:vietheritage-linker/0.1.0,2026-09-25T07:53:06Z,normalized deterministic QID
http://localhost:3030/vietheritage/resource/registry-7e0c7fffcb1f,https://www.wikidata.org/entity/Q10788621,wikidata,wikidata-qid,1.0,,True,verified,automated:vietheritage-linker/0.1.0,2026-09-25T07:53:06Z,normalized deterministic QID
http://localhost:3030/vietheritage/resource/registry-b54471e322bd,https://www.wikidata.org/entity/Q3514747,wikidata,wikidata-qid,1.0,,True,verified,automated:vietheritage-linker/0.1.0,2026-09-25T07:53:06Z,normalized deterministic QID
http://localhost:3030/vietheritage/resource/registry-b54471e322bd,http://dbpedia.org/resource/Ngoc_Lu_drum,dbpedia,silk,1.0,,True,verified,automated:vietheritage-linker/0.1.0,2026-09-25T07:53:06Z,DBpedia HTTP SPARQL explicit owl:sameAs to the canonical Wikidata QID
http://localhost:3030/vietheritage/resource/registry-c6035a7663a0,https://www.wikidata.org/entity/Q10768928,wikidata,wikidata-qid,1.0,,True,verified,automated:vietheritage-linker/0.1.0,2026-09-25T07:53:06Z,normalized deterministic QID
http://localhost:3030/vietheritage/resource/registry-9ef87450d978,https://www.wikidata.org/entity/Q30920268,wikidata,wikidata-qid,1.0,,True,verified,automated:vietheritage-linker/0.1.0,2026-09-25T07:53:06Z,normalized deterministic QID
http://localhost:3030/vietheritage/resource/registry-32e0653c213c,https://www.wikidata.org/entity/Q102128113,wikidata,wikidata-qid,1.0,,True,verified,automated:vietheritage-linker/0.1.0,2026-09-25T07:53:06Z,normalized deterministic QID
http://localhost:3030/vietheritage/resource/registry-ebc184b27537,https://www.wikidata.org/entity/Q102142197,wikidata,wikidata-qid,1.0,,True,verified,automated:vietheritage-linker/0.1.0,2026-09-25T07:53:06Z,normalized deterministic QID
http://localhost:3030/vietheritage/resource/registry-95f28984a882,https://www.wikidata.org/entity/Q106654643,wikidata,wikidata-qid,1.0,,True,verified,automated:vietheritage-linker/0.1.0,2026-09-25T07:53:06Z,normalized deterministic QID
http://localhost:3030/vietheritage/resource/registry-cd94fa9c91cc,https://www.wikidata.org/entity/Q108857815,wikidata,wikidata-qid,1.0,,True,verified,automated:vietheritage-linker/0.1.0,2026-09-25T07:53:06Z,normalized deterministic QID
http://localhost:3030/vietheritage/resource/registry-ee1512a1ebe9,https://www.wikidata.org/entity/Q108852147,wikidata,wikidata-qid,1.0,,True,verified,automated:vietheritage-linker/0.1.0,2026-09-25T07:53:06Z,normalized deterministic QID
http://localhost:3030/vietheritage/resource/registry-a0ae9a89210d,https://www.wikidata.org/entity/Q106654903,wikidata,wikidata-qid,1.0,,True,verified,automated:vietheritage-linker/0.1.0,2026-09-25T07:53:06Z,normalized deterministic QID
http://localhost:3030/vietheritage/resource/registry-e9c405b05532,https://www.wikidata.org/entity/Q106653085,wikidata,wikidata-qid,1.0,,True,verified,automated:vietheritage-linker/0.1.0,2026-09-25T07:53:06Z,normalized deterministic QID
http://localhost:3030/vietheritage/resource/registry-c63ce0666c33,https://www.wikidata.org/entity/Q106653114,wikidata,wikidata-qid,1.0,,True,verified,automated:vietheritage-linker/0.1.0,2026-09-25T07:53:06Z,normalized deterministic QID
http://localhost:3030/vietheritage/resource/registry-5376a5cee3b1,https://www.wikidata.org/entity/Q108866842,wikidata,wikidata-qid,1.0,,True,verified,automated:vietheritage-linker/0.1.0,2026-09-25T07:53:06Z,normalized deterministic QID
http://localhost:3030/vietheritage/resource/registry-40ac2ce5e0b0,https://www.wikidata.org/entity/Q108866893,wikidata,wikidata-qid,1.0,,True,verified,automated:vietheritage-linker/0.1.0,2026-09-25T07:53:06Z,normalized deterministic QID
http://localhost:3030/vietheritage/resource/registry-e543d4676cd5,https://www.wikidata.org/entity/Q7928443,wikidata,wikidata-qid,1.0,,True,verified,automated:vietheritage-linker/0.1.0,2026-09-25T07:53:06Z,normalized deterministic QID
http://localhost:3030/vietheritage/resource/registry-e543d4676cd5,http://dbpedia.org/resource/Việt_Khê,dbpedia,silk,1.0,,True,verified,automated:vietheritage-linker/0.1.0,2026-09-25T07:53:06Z,DBpedia HTTP SPARQL explicit owl:sameAs to the canonical Wikidata QID
http://localhost:3030/vietheritage/resource/registry-3ecbfb5fc045,https://www.wikidata.org/entity/Q108872892,wikidata,wikidata-qid,1.0,,True,verified,automated:vietheritage-linker/0.1.0,2026-09-25T07:53:06Z,normalized deterministic QID
http://localhost:3030/vietheritage/resource/registry-e1865c62018e,https://www.wikidata.org/entity/Q108874729,wikidata,wikidata-qid,1.0,,True,verified,automated:vietheritage-linker/0.1.0,2026-09-25T07:53:06Z,normalized deterministic QID
http://localhost:3030/vietheritage/resource/registry-323072c2ad18,https://www.wikidata.org/entity/Q108892983,wikidata,wikidata-qid,1.0,,True,verified,automated:vietheritage-linker/0.1.0,2026-09-25T07:53:06Z,normalized deterministic QID
http://localhost:3030/vietheritage/resource/registry-8587adde8d72,https://www.wikidata.org/entity/Q108899547,wikidata,wikidata-qid,1.0,,True,verified,automated:vietheritage-linker/0.1.0,2026-09-25T07:53:06Z,normalized deterministic QID
http://localhost:3030/vietheritage/resource/registry-a1864f5227fc,https://www.wikidata.org/entity/Q108909366,wikidata,wikidata-qid,1.0,,True,verified,automated:vietheritage-linker/0.1.0,2026-09-25T07:53:06Z,normalized deterministic QID
http://localhost:3030/vietheritage/resource/registry-bcb4c089c343,https://www.wikidata.org/entity/Q108899942,wikidata,wikidata-qid,1.0,,True,verified,automated:vietheritage-linker/0.1.0,2026-09-25T07:53:06Z,normalized deterministic QID
http://localhost:3030/vietheritage/resource/registry-280cb1b6430b,https://www.wikidata.org/entity/Q108881843,wikidata,wikidata-qid,1.0,,True,verified,automated:vietheritage-linker/0.1.0,2026-09-25T07:53:06Z,normalized deterministic QID
http://localhost:3030/vietheritage/resource/registry-a1555aff960a,https://www.wikidata.org/entity/Q109069927,wikidata,wikidata-qid,1.0,,True,verified,automated:vietheritage-linker/0.1.0,2026-09-25T07:53:06Z,normalized deterministic QID
http://localhost:3030/vietheritage/resource/registry-5c00a7907df2,http://dbpedia.org/resource/Cauldron,dbpedia,silk,1.0,,True,verified,automated:vietheritage-linker/0.1.0,2026-09-25T07:53:06Z,DBpedia HTTP SPARQL explicit owl:sameAs to the canonical Wikidata QID
http://localhost:3030/vietheritage/resource/registry-5988642e341f,http://dbpedia.org/resource/Cannon,dbpedia,silk,1.0,,True,verified,automated:vietheritage-linker/0.1.0,2026-09-25T07:53:06Z,DBpedia HTTP SPARQL explicit owl:sameAs to the canonical Wikidata QID
http://localhost:3030/vietheritage/resource/registry-3dadb54d3b06,https://www.wikidata.org/entity/Q42548080,wikidata,wikidata-qid,1.0,,True,verified,automated:vietheritage-linker/0.1.0,2026-09-25T07:53:06Z,normalized deterministic QID
http://localhost:3030/vietheritage/resource/registry-3dadb54d3b06,http://dbpedia.org/resource/Võ_Cạnh_inscription,dbpedia,silk,1.0,,True,verified,automated:vietheritage-linker/0.1.0,2026-09-25T07:53:06Z,DBpedia HTTP SPARQL explicit owl:sameAs to the canonical Wikidata QID
http://localhost:3030/vietheritage/resource/registry-4a975bb4e6e4,https://www.wikidata.org/entity/Q109289159,wikidata,wikidata-qid,1.0,,True,verified,automated:vietheritage-linker/0.1.0,2026-09-25T07:53:06Z,normalized deterministic QID
http://localhost:3030/vietheritage/resource/registry-b7b3b2663144,https://www.wikidata.org/entity/Q109301061,wikidata,wikidata-qid,1.0,,True,verified,automated:vietheritage-linker/0.1.0,2026-09-25T07:53:06Z,normalized deterministic QID
http://localhost:3030/vietheritage/resource/registry-86c84cab36c8,https://www.wikidata.org/entity/Q109317842,wikidata,wikidata-qid,1.0,,True,verified,automated:vietheritage-linker/0.1.0,2026-09-25T07:53:06Z,normalized deterministic QID
http://localhost:3030/vietheritage/resource/registry-d138cb6ebc3c,https://www.wikidata.org/entity/Q110880197,wikidata,wikidata-qid,1.0,,True,verified,automated:vietheritage-linker/0.1.0,2026-09-25T07:53:06Z,normalized deterministic QID
http://localhost:3030/vietheritage/resource/registry-6265fc244896,https://www.wikidata.org/entity/Q110881838,wikidata,wikidata-qid,1.0,,True,verified,automated:vietheritage-linker/0.1.0,2026-09-25T07:53:06Z,normalized deterministic QID
http://localhost:3030/vietheritage/resource/registry-bc5c52f756d3,https://www.wikidata.org/entity/Q110889122,wikidata,wikidata-qid,1.0,,True,verified,automated:vietheritage-linker/0.1.0,2026-09-25T07:53:06Z,normalized deterministic QID
http://localhost:3030/vietheritage/resource/registry-495b869c012b,https://www.wikidata.org/entity/Q111016718,wikidata,wikidata-qid,1.0,,True,verified,automated:vietheritage-linker/0.1.0,2026-09-25T07:53:06Z,normalized deterministic QID
http://localhost:3030/vietheritage/resource/registry-a09415b18df3,https://www.wikidata.org/entity/Q111020846,wikidata,wikidata-qid,1.0,,True,verified,automated:vietheritage-linker/0.1.0,2026-09-25T07:53:06Z,normalized deterministic QID
http://localhost:3030/vietheritage/resource/registry-e4e91580e671,https://www.wikidata.org/entity/Q111033900,wikidata,wikidata-qid,1.0,,True,verified,automated:vietheritage-linker/0.1.0,2026-09-25T07:53:06Z,normalized deterministic QID
http://localhost:3030/vietheritage/resource/registry-56398aeb8cc7,https://www.wikidata.org/entity/Q111079381,wikidata,wikidata-qid,1.0,,True,verified,automated:vietheritage-linker/0.1.0,2026-09-25T07:53:06Z,normalized deterministic QID
http://localhost:3030/vietheritage/resource/registry-c8d51ad38ec1,https://www.wikidata.org/entity/Q111144596,wikidata,wikidata-qid,1.0,,True,verified,automated:vietheritage-linker/0.1.0,2026-09-25T07:53:06Z,normalized deterministic QID
http://localhost:3030/vietheritage/resource/registry-4fe12d568009,https://www.wikidata.org/entity/Q111148511,wikidata,wikidata-qid,1.0,,True,verified,automated:vietheritage-linker/0.1.0,2026-09-25T07:53:06Z,normalized deterministic QID
http://localhost:3030/vietheritage/resource/registry-4b63395140f1,https://www.wikidata.org/entity/Q111180402,wikidata,wikidata-qid,1.0,,True,verified,automated:vietheritage-linker/0.1.0,2026-09-25T07:53:06Z,normalized deterministic QID
http://localhost:3030/vietheritage/resource/registry-abf3b206c90f,https://www.wikidata.org/entity/Q111188049,wikidata,wikidata-qid,1.0,,True,verified,automated:vietheritage-linker/0.1.0,2026-09-25T07:53:06Z,normalized deterministic QID
http://localhost:3030/vietheritage/resource/registry-11035d9f76fe,https://www.wikidata.org/entity/Q111496697,wikidata,wikidata-qid,1.0,,True,verified,automated:vietheritage-linker/0.1.0,2026-09-25T07:53:06Z,normalized deterministic QID
http://localhost:3030/vietheritage/resource/registry-7c58ee50f226,https://www.wikidata.org/entity/Q111516001,wikidata,wikidata-qid,1.0,,True,verified,automated:vietheritage-linker/0.1.0,2026-09-25T07:53:06Z,normalized deterministic QID
http://localhost:3030/vietheritage/resource/registry-ee97a15984e2,https://www.wikidata.org/entity/Q111148688,wikidata,wikidata-qid,1.0,,True,verified,automated:vietheritage-linker/0.1.0,2026-09-25T07:53:06Z,normalized deterministic QID
http://localhost:3030/vietheritage/resource/registry-6cab2bb8dd4a,https://www.wikidata.org/entity/Q131914172,wikidata,wikidata-qid,1.0,,True,verified,automated:vietheritage-linker/0.1.0,2026-09-25T07:53:06Z,normalized deterministic QID
http://localhost:3030/vietheritage/resource/registry-fa9d5dcb6ca1,https://www.wikidata.org/entity/Q131914762,wikidata,wikidata-qid,1.0,,True,verified,automated:vietheritage-linker/0.1.0,2026-09-25T07:53:06Z,normalized deterministic QID
http://localhost:3030/vietheritage/resource/registry-8c2f4a8fef2d,https://www.wikidata.org/entity/Q131925836,wikidata,wikidata-qid,1.0,,True,verified,automated:vietheritage-linker/0.1.0,2026-09-25T07:53:06Z,normalized deterministic QID
http://localhost:3030/vietheritage/resource/registry-edd10d42ca41,https://www.wikidata.org/entity/Q131920509,wikidata,wikidata-qid,1.0,,True,verified,automated:vietheritage-linker/0.1.0,2026-09-25T07:53:06Z,normalized deterministic QID
http://localhost:3030/vietheritage/resource/registry-4ed29edf7fc7,https://www.wikidata.org/entity/Q130218170,wikidata,wikidata-qid,1.0,,True,verified,automated:vietheritage-linker/0.1.0,2026-09-25T07:53:06Z,normalized deterministic QID
http://localhost:3030/vietheritage/resource/registry-beb262b427f2,https://www.wikidata.org/entity/Q845438,wikidata,wikidata-qid,1.0,,True,verified,automated:vietheritage-linker/0.1.0,2026-09-25T07:53:06Z,normalized deterministic QID
http://localhost:3030/vietheritage/resource/registry-e9774843bbdf,https://www.wikidata.org/entity/Q1359941,wikidata,wikidata-qid,1.0,,True,verified,automated:vietheritage-linker/0.1.0,2026-09-25T07:53:06Z,normalized deterministic QID
http://localhost:3030/vietheritage/resource/registry-867b37079ef1,https://www.wikidata.org/entity/Q20025761,wikidata,wikidata-qid,1.0,,True,verified,automated:vietheritage-linker/0.1.0,2026-09-25T07:53:06Z,normalized deterministic QID
http://localhost:3030/vietheritage/resource/registry-06fd74b2ed89-3a7ac2,https://www.wikidata.org/entity/Q10840586,wikidata,wikidata-qid,1.0,,True,verified,automated:vietheritage-linker/0.1.0,2026-09-25T07:53:06Z,normalized deterministic QID
http://localhost:3030/vietheritage/resource/registry-06fd74b2ed89-d87046,https://www.wikidata.org/entity/Q10748486,wikidata,wikidata-qid,1.0,,True,verified,automated:vietheritage-linker/0.1.0,2026-09-25T07:53:06Z,normalized deterministic QID
http://localhost:3030/vietheritage/resource/registry-c307cf647441,https://www.wikidata.org/entity/Q24959007,wikidata,wikidata-qid,1.0,,True,verified,automated:vietheritage-linker/0.1.0,2026-09-25T07:53:06Z,normalized deterministic QID
http://localhost:3030/vietheritage/resource/registry-b09f2b4c1884,https://www.wikidata.org/entity/Q2227195,wikidata,wikidata-qid,1.0,,True,verified,automated:vietheritage-linker/0.1.0,2026-09-25T07:53:06Z,normalized deterministic QID
http://localhost:3030/vietheritage/resource/registry-eddc98c3dc3a,https://www.wikidata.org/entity/Q109435586,wikidata,wikidata-qid,1.0,,True,verified,automated:vietheritage-linker/0.1.0,2026-09-25T07:53:06Z,normalized deterministic QID
