review_id,group,source_record_ids,conflict_reason,evidence,classification,decision,config_or_manual_review_required
identity-review-083fcf291ba1,Nghi lễ Then,registry-78fb29c1bd88|registry-cbe27038f75a,INCOMPATIBLE_LOCATION,page_id=2222332|wikidata_id=Q16481207,GRANULARITY_EXCEPTION,KEEP_DISTINCT,identity_reviews:then-local-inscriptions
identity-review-255c99872a60,Nghi lễ Then,registry-006e43c89987|registry-23964f5ef4d2|registry-4be33e3c428f,INCOMPATIBLE_LOCATION,page_id=2222332|wikidata_id=Q16481207,GRANULARITY_EXCEPTION,KEEP_DISTINCT,identity_reviews:then-local-inscriptions
identity-review-27da5da362e4,Nghi lễ Then,registry-006e43c89987|registry-151bcd496d7f|registry-23964f5ef4d2,INCOMPATIBLE_LOCATION,page_id=2222332|wikidata_id=Q16481207,GRANULARITY_EXCEPTION,KEEP_DISTINCT,identity_reviews:then-local-inscriptions
identity-review-357d60429a9d,Nghi lễ Then,registry-29098ec74fed|registry-cbe27038f75a,INCOMPATIBLE_LOCATION,page_id=2222332|wikidata_id=Q16481207,GRANULARITY_EXCEPTION,KEEP_DISTINCT,identity_reviews:then-local-inscriptions
identity-review-6c508b3d585b,Nghi lễ Then,registry-29098ec74fed|registry-c3556d4d22fb,INCOMPATIBLE_LOCATION,page_id=2222332|wikidata_id=Q16481207,GRANULARITY_EXCEPTION,KEEP_DISTINCT,identity_reviews:then-local-inscriptions
identity-review-7ddb10870d33,Nghi lễ Then,registry-151bcd496d7f|registry-29098ec74fed,INCOMPATIBLE_LOCATION,page_id=2222332|wikidata_id=Q16481207,GRANULARITY_EXCEPTION,KEEP_DISTINCT,identity_reviews:then-local-inscriptions
identity-review-7e364314251c,Nghi lễ Then,registry-006e43c89987|registry-23964f5ef4d2|registry-cbe27038f75a,INCOMPATIBLE_LOCATION,page_id=2222332|wikidata_id=Q16481207,GRANULARITY_EXCEPTION,KEEP_DISTINCT,identity_reviews:then-local-inscriptions
identity-review-85e44d218ae4,Nghi lễ Then,registry-78fb29c1bd88|registry-c3556d4d22fb,INCOMPATIBLE_LOCATION,page_id=2222332|wikidata_id=Q16481207,GRANULARITY_EXCEPTION,KEEP_DISTINCT,identity_reviews:then-local-inscriptions
identity-review-907b25430af2,Nghi lễ Then,registry-006e43c89987|registry-23964f5ef4d2|registry-29098ec74fed,INCOMPATIBLE_LOCATION,page_id=2222332|wikidata_id=Q16481207,GRANULARITY_EXCEPTION,KEEP_DISTINCT,identity_reviews:then-local-inscriptions
identity-review-95d1dc16b3ed,Nghi lễ Then,registry-151bcd496d7f|registry-78fb29c1bd88,INCOMPATIBLE_LOCATION,page_id=2222332|wikidata_id=Q16481207,GRANULARITY_EXCEPTION,KEEP_DISTINCT,identity_reviews:then-local-inscriptions
identity-review-9894d9030490,Nghi lễ Then,registry-151bcd496d7f|registry-cbe27038f75a,INCOMPATIBLE_LOCATION,page_id=2222332|wikidata_id=Q16481207,GRANULARITY_EXCEPTION,KEEP_DISTINCT,identity_reviews:then-local-inscriptions
identity-review-9cd2eb4d5264,Nghi lễ Then,registry-29098ec74fed|registry-78fb29c1bd88,INCOMPATIBLE_LOCATION,page_id=2222332|wikidata_id=Q16481207,GRANULARITY_EXCEPTION,KEEP_DISTINCT,identity_reviews:then-local-inscriptions
identity-review-b62b5821e546,Nghi lễ Then,registry-151bcd496d7f|registry-4be33e3c428f,INCOMPATIBLE_LOCATION,page_id=2222332|wikidata_id=Q16481207,GRANULARITY_EXCEPTION,KEEP_DISTINCT,identity_reviews:then-local-inscriptions
identity-review-c44b2f7da9db,Nghi lễ Then,registry-006e43c89987|registry-23964f5ef4d2|registry-78fb29c1bd88,INCOMPATIBLE_LOCATION,page_id=2222332|wikidata_id=Q16481207,GRANULARITY_EXCEPTION,KEEP_DISTINCT,identity_reviews:then-local-inscriptions
identity-review-c7e3e5f310d7,Nghi lễ Then,registry-c3556d4d22fb|registry-cbe27038f75a,INCOMPATIBLE_LOCATION,page_id=2222332|wikidata_id=Q16481207,GRANULARITY_EXCEPTION,KEEP_DISTINCT,identity_reviews:then-local-inscriptions
identity-review-d5c9d220143e,Nghi lễ Then,registry-4be33e3c428f|registry-78fb29c1bd88,INCOMPATIBLE_LOCATION,page_id=2222332|wikidata_id=Q16481207,GRANULARITY_EXCEPTION,KEEP_DISTINCT,identity_reviews:then-local-inscriptions
identity-review-d8f77f8beebe,Nghi lễ Then,registry-006e43c89987|registry-23964f5ef4d2|registry-c3556d4d22fb,INCOMPATIBLE_LOCATION,page_id=2222332|wikidata_id=Q16481207,GRANULARITY_EXCEPTION,KEEP_DISTINCT,identity_reviews:then-local-inscriptions
identity-review-db09df6cef27,Nghi lễ Then,registry-151bcd496d7f|registry-c3556d4d22fb,INCOMPATIBLE_LOCATION,page_id=2222332|wikidata_id=Q16481207,GRANULARITY_EXCEPTION,KEEP_DISTINCT,identity_reviews:then-local-inscriptions
identity-review-edd8f618ab2d,Nghi lễ Then,registry-4be33e3c428f|registry-c3556d4d22fb,INCOMPATIBLE_LOCATION,page_id=2222332|wikidata_id=Q16481207,GRANULARITY_EXCEPTION,KEEP_DISTINCT,identity_reviews:then-local-inscriptions
identity-review-f8b6fbb1a5b8,Nghi lễ Then,registry-29098ec74fed|registry-4be33e3c428f,INCOMPATIBLE_LOCATION,page_id=2222332|wikidata_id=Q16481207,GRANULARITY_EXCEPTION,KEEP_DISTINCT,identity_reviews:then-local-inscriptions
identity-review-fc789cc1fae5,Nghi lễ Then,registry-4be33e3c428f|registry-cbe27038f75a,INCOMPATIBLE_LOCATION,page_id=2222332|wikidata_id=Q16481207,GRANULARITY_EXCEPTION,KEEP_DISTINCT,identity_reviews:then-local-inscriptions
identity-review-31991bdd8114,Mo Mường,registry-13e7735ee6f7|registry-5b668ab5ddc0,INCOMPATIBLE_LOCATION,page_id=19822650,MANUAL_DISTINCT,KEEP_DISTINCT,identity_reviews:mo-muong-local-inscriptions
identity-review-5b8c8ea960ea,Mo Mường,registry-13e7735ee6f7|registry-3d0ee5945d46,INCOMPATIBLE_LOCATION,page_id=19822650,MANUAL_DISTINCT,KEEP_DISTINCT,identity_reviews:mo-muong-local-inscriptions
identity-review-9fa2dd08ceaa,Mo Mường,registry-3d0ee5945d46|registry-c97f1ce3be0a,INCOMPATIBLE_LOCATION,page_id=19822650,MANUAL_DISTINCT,KEEP_DISTINCT,identity_reviews:mo-muong-local-inscriptions
identity-review-a4f9a2a7493d,Mo Mường,registry-13e7735ee6f7|registry-c97f1ce3be0a,INCOMPATIBLE_LOCATION,page_id=19822650,MANUAL_DISTINCT,KEEP_DISTINCT,identity_reviews:mo-muong-local-inscriptions
identity-review-ad2050b98f6f,Mo Mường,registry-c97f1ce3be0a|registry-cb253981b164,INCOMPATIBLE_LOCATION,page_id=19822650,MANUAL_DISTINCT,KEEP_DISTINCT,identity_reviews:mo-muong-local-inscriptions
identity-review-c9a2837ffa22,Mo Mường,registry-5b668ab5ddc0|registry-cb253981b164,INCOMPATIBLE_LOCATION,page_id=19822650,MANUAL_DISTINCT,KEEP_DISTINCT,identity_reviews:mo-muong-local-inscriptions
identity-review-d41862f65fab,Mo Mường,registry-5b668ab5ddc0|registry-c97f1ce3be0a,INCOMPATIBLE_LOCATION,page_id=19822650,MANUAL_DISTINCT,KEEP_DISTINCT,identity_reviews:mo-muong-local-inscriptions
identity-review-ddcda2bcc2dc,Mo Mường,registry-3d0ee5945d46|registry-5b668ab5ddc0,INCOMPATIBLE_LOCATION,page_id=19822650,MANUAL_DISTINCT,KEEP_DISTINCT,identity_reviews:mo-muong-local-inscriptions
identity-review-e7a06218cad0,Mo Mường,registry-13e7735ee6f7|registry-cb253981b164,INCOMPATIBLE_LOCATION,page_id=19822650,MANUAL_DISTINCT,KEEP_DISTINCT,identity_reviews:mo-muong-local-inscriptions
identity-review-feb671fe5df0,Mo Mường,registry-3d0ee5945d46|registry-cb253981b164,INCOMPATIBLE_LOCATION,page_id=19822650,MANUAL_DISTINCT,KEEP_DISTINCT,identity_reviews:mo-muong-local-inscriptions
identity-review-2fb475b26db0,Khèn người Mông,registry-0d2eff0b3bad|registry-457560d306b8,INCOMPATIBLE_LOCATION,page_id=18220534|wikidata_id=Q87648913,MANUAL_DISTINCT,KEEP_DISTINCT,identity_reviews:khen-mong-local-inscriptions
identity-review-5f236881371b,Khèn người Mông,registry-6905d3a28443|registry-a8a1804bdd58,INCOMPATIBLE_LOCATION,page_id=18220534|wikidata_id=Q87648913,MANUAL_DISTINCT,KEEP_DISTINCT,identity_reviews:khen-mong-local-inscriptions
identity-review-b55e5ea7ef48,Khèn người Mông,registry-457560d306b8|registry-a8a1804bdd58,INCOMPATIBLE_LOCATION,page_id=18220534|wikidata_id=Q87648913,MANUAL_DISTINCT,KEEP_DISTINCT,identity_reviews:khen-mong-local-inscriptions
identity-review-d37dcedc33e2,Khèn người Mông,registry-0d2eff0b3bad|registry-a8a1804bdd58,INCOMPATIBLE_LOCATION,page_id=18220534|wikidata_id=Q87648913,MANUAL_DISTINCT,KEEP_DISTINCT,identity_reviews:khen-mong-local-inscriptions
identity-review-e08620ba9fe9,Khèn người Mông,registry-0d2eff0b3bad|registry-6905d3a28443,INCOMPATIBLE_LOCATION,page_id=18220534|wikidata_id=Q87648913,MANUAL_DISTINCT,KEEP_DISTINCT,identity_reviews:khen-mong-local-inscriptions
identity-review-e0fb145e5ff7,Khèn người Mông,registry-457560d306b8|registry-6905d3a28443,INCOMPATIBLE_LOCATION,page_id=18220534|wikidata_id=Q87648913,MANUAL_DISTINCT,KEEP_DISTINCT,identity_reviews:khen-mong-local-inscriptions
identity-review-31e853f87e4a,Bài Chòi,registry-185f7241c8fb|registry-6153b8266f12|registry-8792b692e3c9,INCOMPATIBLE_LOCATION,page_id=62900|wikidata_id=Q10742121,GRANULARITY_EXCEPTION,KEEP_DISTINCT,identity_reviews:bai-choi-local-inscriptions
identity-review-52c93ff328b7,Bài Chòi,registry-622a4e5990c4|registry-9a609934ebb2,INCOMPATIBLE_LOCATION,page_id=62900|wikidata_id=Q10742121,GRANULARITY_EXCEPTION,KEEP_DISTINCT,identity_reviews:bai-choi-local-inscriptions
identity-review-5de4eadc5584,Bài Chòi,registry-185f7241c8fb|registry-6153b8266f12|registry-9a609934ebb2,INCOMPATIBLE_LOCATION,page_id=62900|wikidata_id=Q10742121,GRANULARITY_EXCEPTION,KEEP_DISTINCT,identity_reviews:bai-choi-local-inscriptions
identity-review-a7b1b3e49879,Bài Chòi,registry-8792b692e3c9|registry-9a609934ebb2,INCOMPATIBLE_LOCATION,page_id=62900|wikidata_id=Q10742121,GRANULARITY_EXCEPTION,KEEP_DISTINCT,identity_reviews:bai-choi-local-inscriptions
identity-review-f85ffe31f129,Bài Chòi,registry-185f7241c8fb|registry-6153b8266f12|registry-622a4e5990c4,INCOMPATIBLE_LOCATION,page_id=62900|wikidata_id=Q10742121,GRANULARITY_EXCEPTION,KEEP_DISTINCT,identity_reviews:bai-choi-local-inscriptions
identity-review-fa0b8f5714e5,Bài Chòi,registry-622a4e5990c4|registry-8792b692e3c9,INCOMPATIBLE_LOCATION,page_id=62900|wikidata_id=Q10742121,GRANULARITY_EXCEPTION,KEEP_DISTINCT,identity_reviews:bai-choi-local-inscriptions
identity-review-195477d9710a,Nghinh Ông,registry-01f067c85ba9|registry-d4056431591b,INCOMPATIBLE_LOCATION,page_id=87176|wikidata_id=Q10788621,MANUAL_DISTINCT,KEEP_DISTINCT,identity_reviews:nghinh-ong-local-festivals
identity-review-5c843168556f,Nghinh Ông,registry-7e0c7fffcb1f|registry-d4056431591b,INCOMPATIBLE_LOCATION,page_id=87176|wikidata_id=Q10788621,MANUAL_DISTINCT,KEEP_DISTINCT,identity_reviews:nghinh-ong-local-festivals
identity-review-7b713b2c1113,Nghinh Ông,registry-5aad81f84a8a|registry-d4056431591b,INCOMPATIBLE_LOCATION,page_id=87176|wikidata_id=Q10788621,MANUAL_DISTINCT,KEEP_DISTINCT,identity_reviews:nghinh-ong-local-festivals
identity-review-92730b6f0b5f,Nghinh Ông,registry-01f067c85ba9|registry-7e0c7fffcb1f,INCOMPATIBLE_LOCATION,page_id=87176|wikidata_id=Q10788621,MANUAL_DISTINCT,KEEP_DISTINCT,identity_reviews:nghinh-ong-local-festivals
identity-review-9fa7e67c2428,Nghinh Ông,registry-5aad81f84a8a|registry-7e0c7fffcb1f,INCOMPATIBLE_LOCATION,page_id=87176|wikidata_id=Q10788621,MANUAL_DISTINCT,KEEP_DISTINCT,identity_reviews:nghinh-ong-local-festivals
identity-review-de3f86b183a0,Nghinh Ông,registry-01f067c85ba9|registry-5aad81f84a8a,INCOMPATIBLE_LOCATION,page_id=87176|wikidata_id=Q10788621,MANUAL_DISTINCT,KEEP_DISTINCT,identity_reviews:nghinh-ong-local-festivals
identity-review-0a072e9a59d8,Xòe Thái,registry-417a99343a7a|registry-6b9dfe136a55|registry-b9f015fa9be1,INCOMPATIBLE_LOCATION,page_id=19608258|wikidata_id=Q109438441,GRANULARITY_EXCEPTION,KEEP_DISTINCT,identity_reviews:xoe-thai-local-inscriptions
identity-review-170529526ca9,Xòe Thái,registry-417a99343a7a|registry-b7cb354049f4|registry-b9f015fa9be1,INCOMPATIBLE_LOCATION,page_id=19608258|wikidata_id=Q109438441,GRANULARITY_EXCEPTION,KEEP_DISTINCT,identity_reviews:xoe-thai-local-inscriptions
identity-review-796e1ca38dd4,Xòe Thái,registry-6b9dfe136a55|registry-b7cb354049f4,INCOMPATIBLE_LOCATION,page_id=19608258|wikidata_id=Q109438441,GRANULARITY_EXCEPTION,KEEP_DISTINCT,identity_reviews:xoe-thai-local-inscriptions
identity-review-046de107c1a5,Lồng tồng,registry-07c670fd681c|registry-3b32c29bb958,INCOMPATIBLE_LOCATION,page_id=308420|wikidata_id=Q10788582,MANUAL_DISTINCT,KEEP_DISTINCT,identity_reviews:long-tong-local-festivals
identity-review-114c582dea69,Hội Gióng,registry-0475e43741e0|registry-0d6aeb5591c2,INCOMPATIBLE_LOCATION,page_id=228226|wikidata_id=Q5563375,AUTO_RESOLVABLE_WITH_EXISTING_RULE,NORMALIZE_WITH_AREA_RESOLVER,no
identity-review-28b1ed4f52a8,Múa rối nước,registry-213cb56ca491|registry-9212aafdc929,INCOMPATIBLE_LOCATION,page_id=58922|wikidata_id=Q747876,MANUAL_DISTINCT,KEEP_DISTINCT,identity_reviews:mua-roi-nuoc-local-practices
identity-review-420a0bd6e803,Cố đô Huế,registry-7422e8dbff6e|registry-8961020b8c81,INCOMPATIBLE_LOCATION,page_id=65402|wikidata_id=Q10810560,AUTO_RESOLVABLE_WITH_EXISTING_RULE,NORMALIZE_WITH_AREA_RESOLVER,no
identity-review-4c7357cd957a,Quan họ,registry-119e24d03718|registry-f2a3e08c5c71,INCOMPATIBLE_LOCATION,page_id=33218|wikidata_id=Q3525838,AUTO_RESOLVABLE_WITH_EXISTING_RULE,NORMALIZE_WITH_AREA_RESOLVER,no
identity-review-4e8e55205b25,Trống quân,registry-4efd5222b068|registry-dd149c47b5fe,INCOMPATIBLE_LOCATION,page_id=138961|wikidata_id=Q17118720,MANUAL_DISTINCT,KEEP_DISTINCT,identity_reviews:trong-quan-local-practices
identity-review-71eeb2492dbd,Chữ Nôm Dao,registry-00a0f7887fe0|registry-e85d7323b189,INCOMPATIBLE_LOCATION,page_id=14440663|wikidata_id=Q61133202,MANUAL_DISTINCT,KEEP_DISTINCT,identity_reviews:chu-nom-dao-local-practices
identity-review-891abd968344,Katê,registry-dfc07d4f4ef2|registry-ecd3af733215,INCOMPATIBLE_LOCATION,page_id=308056|wikidata_id=Q10788575,MANUAL_DISTINCT,KEEP_DISTINCT,identity_reviews:kate-local-festivals
identity-review-9f9b758dd5e6,Hoàng thành Thăng Long,registry-7b4ed2fcd3bb|registry-b89b72bd95bd,INCOMPATIBLE_LOCATION,page_id=15644|wikidata_id=Q206219,AUTO_RESOLVABLE_WITH_EXISTING_RULE,NORMALIZE_WITH_AREA_RESOLVER,no
identity-review-a72f384204b6,Nhã nhạc cung đình Huế,registry-29f87705b5fb|registry-ca54f635ab9a,INCOMPATIBLE_LOCATION,page_id=57217|wikidata_id=Q2447747,AUTO_RESOLVABLE_WITH_EXISTING_RULE,NORMALIZE_WITH_AREA_RESOLVER,no
identity-review-b752ed761b73,Ca trù,registry-bdcfdb271289|registry-c30f6cea63f9,INCOMPATIBLE_LOCATION,page_id=32419|wikidata_id=Q81105,AUTO_RESOLVABLE_WITH_EXISTING_RULE,NORMALIZE_WITH_AREA_RESOLVER,no
identity-review-bf4a5e6eccfd,Ví Giặm Nghệ Tĩnh,registry-58ccef360294|registry-a88ab2dadbcc,INCOMPATIBLE_LOCATION,page_id=280214|wikidata_id=Q10770854,AUTO_RESOLVABLE_WITH_EXISTING_RULE,NORMALIZE_WITH_AREA_RESOLVER,no
identity-review-bfb73b4e40cb,Hát Sli,registry-a8b5be6289af|registry-d728cc4ff5cd,INCOMPATIBLE_LOCATION,page_id=277697|wikidata_id=Q10770860,MANUAL_DISTINCT,KEEP_DISTINCT,identity_reviews:hat-sli-local-practices
